SELECT ita.unique_barcode, ita.order_num, ita.audit_status, w.warehouse_name FROM items_to_audit ita
INNER JOIN warehouse w
ON w.hashed_id = ita.warehouse_origin
WHERE ita.unique_barcode IN (
'MNTRC-479',
'MNTRC-579',
'PC2P-7716',
'PC3P-2158',
'3704394-2691',
'PC2P-7995',
'5765640-27',
'31842905-3',
'2191264-120',
'5910346-657',
'9546706-45',
'7858154-18',
'66693136-94',
'84548678-2',
'75959590-3',
'PC2P-8115',
'PC2P-7908',
'PC2P-7925',
'PC2P-7931',
'PC2P-7939',
'PC2P-7957',
'PC2P-7996',
'PC2P-8000',
'PC2P-8003',
'PC2P-8015',
'PC2P-8029',
'LBWK04-9',
'7430676-38',
'82071177-142',
'86118201-71',
'1893749-11',
'1893749-11',
'LCTV3A-11',
'60706697-44',
'89148608-42',
'8455932-17',
'8502762-5',
'37100643-893',
'AC237M-1966',
'AC237M-1967',
'45667698-566',
'0955223-82',
'AS342SO-553',
'6744019-97',
'AC237M-1683',
'AC342M-1102',
'9260832-3',
'9260832-28',
'51926844-95',
'33782423-145',
'57184936-140',
'99976184-173',
'86743969-135',
'43215171-2',
'12517477-1',
'29220962-74',
'AC342M-764',
'00692042-13',
'0291671-61',
'0291671-91',
'0291671-92',
'06276654-9',
'08426305-1',
'10406782-82',
'14224181-40',
'2191264-234',
'23642861-28',
'28063270-64',
'29811325-5',
'3454378-207',
'3704394-2600',
'39046142-20',
'40492817-49',
'44488832-31',
'4508952-1',
'46913375-12',
'58493414-46',
'60706697-31',
'62095356-102',
'62682504-19',
'64185471-9',
'66665802-78',
'67155666-743',
'6982368-1',
'69913618-4',
'7244972-20',
'8224493-2',
'82841274-26',
'85373308-20',
'86743969-145',
'86850334-7',
'93115579-118',
'93115579-245',
'94924889-521',
'94924889-526',
'9546706-180',
'9546706-44',
'98165638-16',
'CBVBH0-189',
'LBM5J-18',
'LBNBRND-188',
'MousePad-526',
'MousePad-530',
'MousePad-532',
'SO38YT-241',
'23642861-28',
'46913375-12',
'66665802-78',
'86743969-145',
'98165638-16',
'LBM5J-18',
'LBNBRND-188'
)
