BARCODE,ORDER NUMBER
MNTRC-479,PH259952681020T
MNTRC-579,PH259349928708E
PC2P-7716,2605114KWAKWG3
PC3P-2158,2604306DW9JX2R
3704394-2691,1094914444956592
PC2P-7995,2605138SJRJHB5
5765640-27,2411
31842905-3,2604294BK2FDG8
2191264-120,2605127QQT0YN8
5910346-657,25110635WXPY43
9546706-45,1092200809686844
7858154-18,2603278BR5MG67
66693136-94,1089707139304059
84548678-2,1089853749696739
75959590-3,260619GR4U24J2
PC2P-8115,260516GT3X1K1P
PC2P-7908,260511643Q24V5
PC2P-7925,2605115AAU8HA4
PC2P-7931,2605114TC8VN7Y
PC2P-7939,2605128MG1GT4V
PC2P-7957,2605128MG1GT4V
PC2P-7996,2605128NCM4181
PC2P-8000,2605138SUSHK9H
PC2P-8003,2605128BQ1AFDS
PC2P-8015,2605128ARV6P0N
PC2P-8029,2605138SUSHK9H
LBWK04-9,1102237539676687
7430676-38,1091688447218126
82071177-142,1092199232221677
86118201-71,1091697458768550
1893749-11,260505JUNK9YNK
1893749-11,260505JUNK9YNK
LCTV3A-11,1098432291368196
60706697-44,1098331854642836
89148608-42,260530QEWUEYTB
8455932-17,260607EJ0Y0D3B
8502762-5,2606131J23UTEP
37100643-893,260515FYAV9EDW
AC237M-1966,584445668452369610
AC237M-1967,260606CP5VUHHX
45667698-566,1096678085136081
0955223-82,5238
AS342SO-553,1106690700660837
6744019-97,1095228881042422
AC237M-1683,1095404132152840
AC342M-1102,260425QSJMQBXR
9260832-3,1103564306528331
9260832-28,1105738595340963
51926844-95,1105036707507005
33782423-145,251023SRJVJW93
57184936-140,260516GJK1GNV3
99976184-173,260610Q291NPKB
86743969-135,1103859338890607
43215171-2,5673
12517477-1,1106955944929198
29220962-74,1096952627402219
AC342M-764,108814640377261
00692042-13,1106125713359520
0291671-61,260528JEHQ0VY3
0291671-91,260527G3BFA7QV
0291671-92,260530QW681D6F
06276654-9,1107113361094618
08426305-1,1097346689127444
10406782-82,1097608696460783
14224181-40,1077552674764807
2191264-234,5323
23642861-28,1105311559540704
28063270-64,584490534628984047
29811325-5,1106137763940453
3454378-207,260622R46HDRBP
3704394-2600,584280271586296935
39046142-20,260611SAFM1FH9
40492817-49,1095974465516791
44488832-31,1097575080061149
4508952-1,260630D1EBHJEN
46913375-12,580617450200467090
58493414-46,1106464118781707
60706697-31,1103274321919619
62095356-102,260611R1F2BB2Y
62682504-19,1097313240102947
64185471-9,260320KQ004HAN
66665802-78,1078563047900185
67155666-743,2606252TU57NW7
6982368-1,5732
69913618-4,1106003942416653
7244972-20,260630D1EBHJEN
8224493-2,1092803235572073
82841274-26,1106220755106849
85373308-20,202405210691
86743969-145,584156985811044135
86850334-7,1098357049378400
93115579-118,2606264YV5HJ0E
93115579-245,260617BB12A6FN
94924889-521,1106256105880967
94924889-526,1107129324586928
9546706-180,1094497078060988
9546706-44,1103352777921390
98165638-16,1106020320752645
CBVBH0-189,1110223520520189
LBM5J-18,1097494818760553
LBNBRND-188,260619G5VTWDSK
MousePad-526,260619G5VTWDSK
MousePad-530,260630D1EBHJEN
MousePad-532,260622R46HDRBP
SO38YT-241,260606CK0GFDTW
23642861-28,1105311559540704
46913375-12,580617450200467090
66665802-78,1078563047900185
86743969-145,584156985811044135
98165638-16,1106020320752645
LBM5J-18,1097494818760553
LBNBRND-188,260619G5VTWDSK
