DESCRIPTION,Keyword,Qty,Price,Supplier,BARCODE,Batch code,Brand,Category,Safety
Led Screen 15.6 30 Pins Borderless HD,TC1031,1.00,All Star,05437575-52,PObatch-648,No Brand,Led Screen,2
Led Screen 15.6 30 Pins Borderless HD,TC1031,1.00,All Star,05437575-54,PObatch-648,No Brand,Led Screen,2
Led Screen 15.6 30 Pins Borderless HD,TC1031,1.00,All Star,05437575-51,PObatch-648,No Brand,Led Screen,2
Led Screen 15.6 30 Pins Borderless HD,TC1031,1.00,All Star,05437575-53,PObatch-648,No Brand,Led Screen,2
Led Screen 15.6 30 Pins Borderless HD,TC1031,1.00,All Star,05437575-55,PObatch-648,No Brand,Led Screen,2
Led Screen 15.6 30 Pins Borderless HD,TC1031,1.00,All Star,05437575-57,PObatch-648,No Brand,Led Screen,2
Led Screen 15.6 30 Pins Borderless HD,TC1031,1.00,All Star,05437575-59,PObatch-648,No Brand,Led Screen,2
Led Screen 15.6 30 Pins Borderless HD,TC1031,1.00,All Star,05437575-58,PObatch-648,No Brand,Led Screen,2
Led Screen 15.6 30 Pins Borderless HD,TC1031,1.00,All Star,05437575-56,PObatch-648,No Brand,Led Screen,2
Led Screen 15.6 30 Pins Borderless HD,TC1031,1.00,All Star,05437575-60,PObatch-648,No Brand,Led Screen,2
Led Screen 15.6 30 Pins Borderless HD,TC1031,1.00,All Star,05437575-50,PObatch-648,No Brand,Led Screen,2
Led Screen 15.6 30 Pins Borderless HD,TC1031,1.00,All Star,05437575-48,PObatch-648,No Brand,Led Screen,2
Led Screen 15.6 30 Pins Borderless HD,TC1031,1.00,All Star,05437575-47,PObatch-648,No Brand,Led Screen,2
Led Screen 15.6 30 Pins Borderless HD,TC1031,1.00,All Star,05437575-46,PObatch-648,No Brand,Led Screen,2
Led Screen 15.6 30 Pins Borderless HD,TC1031,1.00,All Star,05437575-49,PObatch-648,No Brand,Led Screen,2
Led Screen 15.6 30 Pins Borderless HD,TC1031,1.00,All Star,05437575-67,PObatch-648,No Brand,Led Screen,2
Led Screen 15.6 30 Pins Borderless HD,TC1031,1.00,All Star,05437575-68,PObatch-648,No Brand,Led Screen,2
Led Screen 15.6 30 Pins Borderless HD,TC1031,1.00,All Star,05437575-70,PObatch-648,No Brand,Led Screen,2
Led Screen 15.6 30 Pins Borderless HD,TC1031,1.00,All Star,05437575-69,PObatch-648,No Brand,Led Screen,2
Led Screen 15.6 30 Pins Borderless HD,TC1031,1.00,All Star,05437575-66,PObatch-648,No Brand,Led Screen,2
,LPO-C235,,,00292769-196,,ASUS,Laptop Charger,2
,LPO-C235,,,00292769-176,,ASUS,Laptop Charger,2
Laptop Charger Asus 2.37A Common Pin Original,PH907,328.33,Liz,10406782-43,HQBUFF13,ASUS,Laptop Charger,2
Laptop Charger HP 19.5V 2.31A Blue Pin,,158.22,Liz,1833972-199,PObatch-373,HP,Laptop Charger,2
,LPO-C235,,,00292769-185,,ASUS,Laptop Charger,2
Laptop Charger Acer 19V 3.42A Yellow Pin,TC1075,149.84,Liz,AC342YP-550,GH001,Acer,Laptop Charger,2
Laptop Charger Magsafe 1 60W L Type,,348.17,Liz,LCMB60WL-12,PObatch-471,Macbook,Laptop Charger,5
,LPO-C235,,,00292769-177,,ASUS,Laptop Charger,2
Laptop Charger LPO Lenovo 20V 2.25A USB Pin original,LPO-C235,301.37,Liz,82430455-9,LPO125,Lenovo,Laptop Charger,2
,LPO-C235,,,00292769-174,,ASUS,Laptop Charger,2
,LPO-C235,,,00292769-198,,ASUS,Laptop Charger,2
,LPO-C235,,,00292769-189,,ASUS,Laptop Charger,2
,LPO-C235,,,00292769-179,,ASUS,Laptop Charger,2
Laptop Charger Asus 19V 3.42A Small Pin original,TC1016,331.37,Liz,37100643-615,PObatch-471,ASUS,Laptop Charger,2
Laptop Charger Asus 19V 3.42A Small Pin original,TC1016,331.37,Liz,37100643-712,PObatch-471,ASUS,Laptop Charger,2
,LPO-C235,,,00292769-180,,ASUS,Laptop Charger,2
Laptop Charger LPO Acer 19V 3.42A Yellow Pin original,LPO-C235,309.57,Liz,99976184-97,LPO007,Acer,Laptop Charger,2
,,,,22944432-4,,HP,Laptop Charger,2
,LPO-C235,,,00292769-162,,ASUS,Laptop Charger,2
Laptop Charger Samsung 12V 3.33A Micro Pin,TC1075,149.84,Liz,SA333M-7,LPO006,Samsung,Laptop Charger,2
,Locals,,,75293902-3,,Toshiba,Laptop Charger,2
Laptop Charger HP 19.5V 2.31A Blue Pin,,158.22,Liz,1833972-161,PObatch-373,HP,Laptop Charger,2
Laptop Charger HP 19.5V 2.31A Blue Pin,,158.22,Liz,1833972-96,PObatch-373,HP,Laptop Charger,2
Laptop Charger Acer 19V 2.37A Blue Pin,TC1075,149.84,Liz,AC237B-825,GH001,Acer,Laptop Charger,2
Laptop Charger Lenovo 20V 2.25A Bullet Pin,SEBEZ004,155.19,Liz,67155666-349,HQBUFF11,Lenovo,Laptop Charger,2
Laptop Charger Acer 19V 2.37A Blue Pin,,141.86,Liz,6570410-69,PObatch-373,Acer,Laptop Charger,2
Laptop Charger Sony 4.7A Circle Pin,,182.30,Liz,67842892-50,HQBUFF11,SONY,Laptop Charger,2
,SEBEZ005,,,28974881-199,,Samsung,Laptop Charger,2
,LPO-C235,,,00292769-197,,ASUS,Laptop Charger,2
Laptop Charger Dell 19.5V 3.34A Circle Pin,TC1075,166.44,Liz,DE334CP-70,LPO115,Dell,Laptop Charger,2
,LPO-C235,,,00292769-192,,ASUS,Laptop Charger,2
Laptop Charger Acer 3.42A Purple Pin Original,LPO-C48,291.73,Liz,35254467-10,GENT015,Acer,Laptop Charger,2
Laptop Charger LPO Asus 2.37A Small Pin original,LPO-C235,378.61,Liz,31136446-190,PObatch-1039,ASUS,Laptop Charger,2
,LPO-C235,,,00292769-191,,ASUS,Laptop Charger,2
,LPO-C235,,,00292769-190,,ASUS,Laptop Charger,2
,LPO-C235,,,00292769-194,,ASUS,Laptop Charger,2
,LPO-C235,,,00292769-199,,ASUS,Laptop Charger,2
,LPO-C235,,,00292769-165,,ASUS,Laptop Charger,2
,LPO-C235,,,00292769-193,,ASUS,Laptop Charger,2
,LPO-C235,,,00292769-168,,ASUS,Laptop Charger,2
,LPO-C235,,,00292769-163,,ASUS,Laptop Charger,2
,LPO-C235,,,00292769-155,,ASUS,Laptop Charger,2
,LPO-C235,,,00292769-173,,ASUS,Laptop Charger,2
,LPO-C235,,,00292769-160,,ASUS,Laptop Charger,2
,LPO-C235,,,00292769-172,,ASUS,Laptop Charger,2
Laptop Charger LPO Acer 3.42A Micro Pin original,LPO-C235,309.57,Liz,33782423-189,PObatch-1015,Acer,Laptop Charger,2
Laptop Charger LPO Acer 2.37A Blue Pin original,LPO-C235,301.37,Liz,94456309-131,LPO007,Acer,Laptop Charger,2
,LPO-C235,,,00292769-186,,ASUS,Laptop Charger,2
,LPO-C235,,,00292769-159,,ASUS,Laptop Charger,2
Laptop Charger HP 19.5V 2.31A Blue Pin,TC1075,189.38,Liz,HP231B-1157,PObatch-1226,HP,Laptop Charger,2
Laptop Charger Acer 19V 2.37A Blue Pin,,141.86,Liz,6570410-227,PObatch-373,Acer,Laptop Charger,2
Laptop Charger HP 4.74A Bullet Pin,,182.30,Liz,44488832-17,LPO52,HP,Laptop Charger,2
Laptop Charger Acer 19V 2.37A Micro Pin,,141.86,Liz,0922228-525,PObatch-373,Acer,Laptop Charger,2
Laptop Charger Lenovo 20V 2.25A Bullet Pin Original,,339.77,Liz,225BO-282,PObatch-471,Lenovo,Laptop Charger,2
,LPO-C235,,,00292769-158,,ASUS,Laptop Charger,2
,LPO-C235,,,00292769-152,,ASUS,Laptop Charger,2
,LPO-C235,,,00292769-156,,ASUS,Laptop Charger,2
,LPO-C235,,,00292769-157,,ASUS,Laptop Charger,2
,LPO-C235,,,00292769-170,,ASUS,Laptop Charger,2
,LPO-C235,,,00292769-200,,ASUS,Laptop Charger,2
,LPO-C235,,,00292769-153,,ASUS,Laptop Charger,2
,LPO-C235,,,00292769-164,,ASUS,Laptop Charger,2
,LPO-C235,,,27138113-6,,Dell,Laptop Charger,2
,LPO-C235,,,00292769-182,,ASUS,Laptop Charger,2
,LPO-C235,,,00292769-171,,ASUS,Laptop Charger,2
,LPO-C235,,,00292769-195,,ASUS,Laptop Charger,2
,LPO-C235,,,00292769-175,,ASUS,Laptop Charger,2
,LPO-C235,,,00292769-166,,ASUS,Laptop Charger,2
Laptop Charger Samsung 3.16A Common Pin,SEBEZ005,143.41,Liz,28974881-164,LPO006,Samsung,Laptop Charger,2
Laptop Charger Asus 19V 2.37A Small Pin,TC1075,1.00,Liz,AS237S-177,PObatch-972,ASUS,Laptop Charger,2
Laptop Charger HP 3.33A Circle Pin,Old Stock,175.97,Liz,21967053-12,PObatch-427,HP,Laptop Charger,2
Laptop Battery Macbook A1713,,1106.76,All Star,37341444-8,PObatch-646,Macbook,Laptop Battery,2
Laptop Battery Asus C32N1523,,1800.00,Syy,94363837-2,HQBUFF1,ASUS,Laptop Battery,2
Laptop Charger HP 18.5V 3.5A 4.8mm x 1.7mm,,154.63,Liz,63773683-3,HQBUFF2,HP,Laptop Charger,2
Laptop Charger Asus 2.1A Common Pin,SEBEZ004,142.89,Liz,95190656-45,LPO52,ASUS,Laptop Charger,2
Laptop Charger Acer 19V 2.37A Blue Pin,,141.86,Liz,6570410-633,PObatch-373,Acer,Laptop Charger,2
Laptop Charger Lenovo 20V 2A Common Pin,,135.56,Liz,81505285-101,HQBUFF13,Lenovo,Laptop Charger,2
,Old Stock,,,85744261-28,,SONY,Laptop Charger,2
,Old Stock,,,23772961-69,,LENOVO,Laptop Charger,2
Laptop Battery Acer AC14B8K,TC1031,807.69,All Star,28037962-25,HQBUFF1,Acer,Laptop Battery,2
Laptop Battery Acer AP18C8K,LPO-C255,924.51,All Star,22764887-64,PObatch-693,Acer,Laptop Battery,2
Laptop Charger HP 19.5V 2.31A Blue Pin,,175.97,Liz,1833972-801,PObatch-427,HP,Laptop Charger,2
Laptop Charger LPO Acer 19V 2.37A Micro Pin,TC001,348.17,Liz,14017498-71,PObatch-427,Acer,Laptop Charger,2
Laptop Charger LPO Asus 3.42A Common Pin original,LPO-C235,309.57,Liz,57155095-43,HQBUFF13,ASUS,Laptop Charger,2
Laptop Charger HP 3.33A Circle Pin,Old Stock,175.97,Liz,21967053-8,PObatch-427,HP,Laptop Charger,2
Laptop Charger HP 19.5V 2.31A Blue Pin,TC1075,189.38,Liz,HP231B-975,PObatch-1144,HP,Laptop Charger,2
Laptop Charger Microsoft Surface Pro 12V 3.6A,OLD STOCK,617.02,Liz,82841274-31,LPO52,Microsoft,Laptop Charger,2
Laptop Battery Dell WDXOR,TC1021,744.63,All Star,67599761-46,PObatch-646,Dell,Laptop Battery,2
,LPO-C31,,,16790434-186,,Dell,Laptop Battery,2
Laptop Battery Acer AL12B32,TC1021,629.85,Kina,58384320-26,HQBUFF4,Acer,Laptop Battery,2
Laptop Battery Asus B31N1336,,2000.00,Kina,64663195-14,HQBUFF4,ASUS,Laptop Battery,2
Laptop Charger Toshiba 19V 3.42A Common Pin,,141.86,Liz,0588397-35,PObatch-373,Toshiba,Laptop Charger,2
Laptop Charger Asus 19V 2.37A Male Pin,,147.31,Liz,7670493-37,PObatch-373,ASUS,Laptop Charger,2
Laptop Battery HP KP03XL,Old Stock,1036.30,Kina,39114906-3,HQBUFF1,HP,Laptop Battery,2
Laptop Charger Acer 19V 2.37A Blue Pin,,141.86,Liz,6570410-172,PObatch-373,Acer,Laptop Charger,2
Laptop Charger Lenovo 20V 2.25A USB Pin,,158.22,Liz,9546706-47,PObatch-373,Lenovo,Laptop Charger,2
Laptop Charger Acer 19V 2.37A Blue Pin,,141.86,Liz,6570410-186,PObatch-373,Acer,Laptop Charger,2
Laptop Charger Asus 20V 9A Common Pin Original,Old Stock,1068.02,Liz,68105692-9,HQBUFF13,ASUS,Laptop Charger,2
Laptop Charger Asus 19V 1.75A Small Pin,LPO-C30,137.55,Liz,57184936-156,HQBUFF14,ASUS,Laptop Charger,2
Laptop Battery Dell WDXOR,TC1021,744.63,All Star,67599761-47,PObatch-646,Dell,Laptop Battery,2
Laptop Battery Dell WDXOR,TC1021,744.63,All Star,67599761-55,PObatch-646,Dell,Laptop Battery,2
Laptop Battery Dell WDXOR,TC1021,744.63,All Star,67599761-51,PObatch-646,Dell,Laptop Battery,2
Laptop Battery Dell WDXOR,TC1021,744.63,All Star,67599761-49,PObatch-646,Dell,Laptop Battery,2
Laptop Battery Dell WDXOR,TC1021,744.63,All Star,67599761-65,PObatch-646,Dell,Laptop Battery,2
Laptop Battery Dell WDXOR,TC1021,744.63,All Star,67599761-54,PObatch-646,Dell,Laptop Battery,2
Laptop Battery Dell WDXOR,TC1021,744.63,All Star,67599761-53,PObatch-646,Dell,Laptop Battery,2
Laptop Battery Sony BPS35,,412.26,Kina,41881228-18,HQBUFF3,SONY,Laptop Battery,2
Laptop Charger Acer 19V 2.37A Blue Pin,,163.37,Liz,6570410-1134,PObatch-427,Acer,Laptop Charger,2
Laptop Charger HP 19.5V 3.33A BLUE PIN,,158.22,Liz,5910346-559,PObatch-373,HP,Laptop Charger,2
Laptop Charger Acer 19V 3.42A Micro Pin,,141.86,Liz,5765640-312,PObatch-373,Acer,Laptop Charger,2
Laptop Charger Acer 19V 3.42A Micro Pin,,141.86,Liz,5765640-914,PObatch-373,Acer,Laptop Charger,2
Laptop Charger Acer 19V 2.37A Blue Pin,,141.86,Liz,6570410-613,PObatch-373,Acer,Laptop Charger,2
Laptop Charger HP 19.5V 2.31A Blue Pin,,158.22,Liz,1833972-637,PObatch-373,HP,Laptop Charger,2
Laptop Charger Acer 19V 3.42A Yellow Pin,TC1075,149.84,Liz,AC342YP-797,GH001,Acer,Laptop Charger,2
Laptop Charger HP 1.58A Small Long,LPO-C48,164.63,Liz,41849379-42,HQBUFF2,HP,Laptop Charger,2
Cellphone Battery Samsung J2 PRO (EB-BG530BBE),TC1021,157.85,Imports,05739785-47,HQBUFF001,Samsung,Cellphone Battery,2
Cellphone LCD Infinix Hot 9 Pro 2020,LPO-C248,414.92,Imports,90311073-3,LPO52,INFINIX,Cellphone Lcd,2
Laptop Charger Magsafe 2 85W T Style,,398.57,Liz,67324587-5,PObatch-471,Macbook,Laptop Charger,2
Laptop Charger Asus 19V 3.42A Common Pin,TC1060,137.80,Liz,01320873-14,HQBUFF13,ASUS,Laptop Charger,2
,,,,82615545-1,,Dell,Laptop Charger,2
Laptop Charger Acer 19V 2.37A Blue Pin,TC1075,149.84,Liz,AC237B-784,GH001,Acer,Laptop Charger,2
Laptop Charger LPO Lenovo 20V 3.25A Bullet Pin original,TC1060,336.21,Liz,93115579-92,HQBUFF15,Lenovo,Laptop Charger,2
Laptop Charger LPO Acer 19V 2.37A Micro Pin,TC001,365.30,Liz,14017498-21,HQBUFF19,Acer,Laptop Charger,2
Laptop Charger Asus 19V 1.75A Small Pin Original,TC001,356.80,Liz,51360405-5,HQBUFF11,ASUS,Laptop Charger,2
Laptop Charger Acer 45W Type C Square,,406.97,Liz,14092334-10,PObatch-413,Acer,Laptop Charger,2
Laptop Charger Asus 19V 2.37A Small Pin Original,,322.97,Liz,9745549-104,PObatch-471,ASUS,Laptop Charger,2
,OLD STOCK,,,88257707-95,,LENOVO,Laptop Charger,2
,TC1060,,,01320873-41,,Asus,Laptop Charger,2
,LPO-C30,,,65085175-198,,HP,Laptop Charger,2
Laptop Charger Asus 19V 3.42A Small Pin,,141.86,Liz,2191264-63,PObatch-373,ASUS,Laptop Charger,2
Laptop Charger Asus 19V 1.75A Small Pin Original,LPO-C246,355.33,Liz,44486329-176,LPO006,ASUS,Laptop Charger,2
Laptop Charger Microsoft Surface Pro 15V 4A,PH.814,552.94,Liz,03088198-21,HQBUFF11,Microsoft,Laptop Charger,2
Laptop Charger Lenovo 4.5A Gray Pin,Old Stock,182.30,Liz,66000392-34,HQBUFF13,Lenovo,Laptop Charger,2
Laptop Battery Dell 357F9,LPO-C50,1600.00,Syy,82975283-12,PObatch-200,Dell,Laptop Battery,2
Laptop Battery Dell 33YDH,LPO-C255,1600.00,Syy,35993781-52,PObatch-643,Dell,Laptop Battery,2
Laptop Battery Acer AP16M5J original,LPO-C31,758.73,Kelly,51080257-37,HQBUFF3,Acer,Laptop Battery,2
Laptop Charger Asus 65W Type C Square,TC001,700.00,Jst,28435460-48,PObatch-461,ASUS,Laptop Charger,2
Laptop Charger Acer 3.42A Purple Pin Original,LPO-C48,291.73,Liz,35254467-30,LPO003,Acer,Laptop Charger,2
Laptop Charger Asus 2.37A Zebook Original,Old Stock,327.21,Liz,22313754-16,LPO003,ASUS,Laptop Charger,2
Laptop Charger HP 19.5V 2.31A Blue Pin,,158.22,Liz,1833972-7,PObatch-373,HP,Laptop Charger,2
,LPO-C48,,,69045776-11,,Asus,Laptop Charger,2
Laptop Battery Macbook A1280,,1000.00,Kina,11700444-27,LPO047,Macbook,Laptop Battery,2
,LPO-C30,,,85375671-103,,LENOVO,Laptop Charger,2
,OLD STOCK,,,89970856-6,,ASUS,Laptop Charger,2
,,,,36994213-10,,HP,Laptop Battery,2
,,,,65043694-3,,Lenovo,Laptop Battery,2
Laptop Charger LPO Acer 2.37A Blue Pin original,LPO-C235,301.37,Liz,94456309-141,LPO007,Acer,Laptop Charger,2
,LPO-C246,,,90496699-82,,LENOVO,Laptop Charger,2
,LPO-C235,,,31136446-74,,ASUS,Laptop Charger,2
,LPO-C246,,,90496699-239,,LENOVO,Laptop Charger,2
,TC1060,,,55446518-604,,Acer,Laptop Charger,2
Laptop Charger HP 19.5V 3.33A BLUE PIN,,158.22,Liz,5910346-389,PObatch-373,HP,Laptop Charger,2
,,,,41881228-20,,Sony,Laptop Battery,2
,TC1032,,,13694284-592,,Acer,Laptop Charger,2
,TC1016,,,37100643-318,,Asus,Laptop Charger,2
,LPO-C223,,,14702632-59,,LENOVO,Laptop Charger,2
,LPO-C223,,,06715345-131,,ASUS,Laptop Charger,2
,TC1075,,,AC237B-469,,Acer,Laptop Charger,2
,TC1060,,,62095356-23,,Acer,Laptop Charger,2
,TC1060,,,45667698-377,,Acer,Laptop Charger,2
,TC1075,,,AS342SO-179,,Asus,Laptop Charger,2
,TC1016,,,95412295-134,,Asus,Laptop Charger,2
,TC1032,,,13694284-523,,Acer,Laptop Charger,2
,TC1016,,,37100643-16,,Asus,Laptop Charger,2
,LPO-C223,,,14702632-208,,LENOVO,Laptop Charger,2
,SEBEZ004,,,58669678-144,,ASUS,Laptop Charger,2
,TC1060,,,45667698-320,,Acer,Laptop Charger,2
,PH.814,,,92073270-183,,LENOVO,Laptop Charger,2
Laptop Charger HP 4.74A Bullet Pin,,182.30,Liz,03641959-43,LPO52,HP,Laptop Charger,2
,OLD STOCK,,,94064066-14,,OPPO,Cellphone Battery,2
,OLD STOCK,,,63686473-30,,OPPO,Cellphone Battery,2
,,,,35468488-4,,OPPO,Cellphone Battery,2
,OLD STOCK,,,31430673-40,,OPPO,Cellphone Battery,2
,,,,35468488-20,,OPPO,Cellphone Battery,2
,,,,35468488-44,,OPPO,Cellphone Battery,2
,,,,35468488-42,,OPPO,Cellphone Battery,2
,,,,35468488-16,,OPPO,Cellphone Battery,2
,,,,35468488-14,,OPPO,Cellphone Battery,2
,,,,35468488-10,,OPPO,Cellphone Battery,2
,,,,35468488-15,,OPPO,Cellphone Battery,2
,,,,35468488-3,,OPPO,Cellphone Battery,2
,OLD STOCK,,,31430673-44,,OPPO,Cellphone Battery,2
,OLD STOCK,,,63686473-36,,OPPO,Cellphone Battery,2
,OLD STOCK,,,63686473-38,,OPPO,Cellphone Battery,2
,OLD STOCK,,,63686473-8,,OPPO,Cellphone Battery,2
,OLD STOCK,,,63686473-9,,OPPO,Cellphone Battery,2
,OLD STOCK,,,63686473-29,,OPPO,Cellphone Battery,2
,OLD STOCK,,,63686473-6,,OPPO,Cellphone Battery,2
Cellphone Battery OPPO A9 (BLP709),OLD STOCK,206.00,Imports,63686473-5,HQBUFF13,oppo,Cellphone Battery,2
,OLD STOCK,,,31430673-55,,OPPO,Cellphone Battery,2
Cellphone Battery Oppo F1F (BLP605),OLD STOCK,151.00,Imports,31430673-65,HQBUFF13,oppo,Cellphone Battery,2
,OLD STOCK,,,31430673-45,,OPPO,Cellphone Battery,2
,OLD STOCK,,,31430673-54,,OPPO,Cellphone Battery,2
,OLD STOCK,,,31430673-41,,OPPO,Cellphone Battery,2
,OLD STOCK,,,31430673-63,,OPPO,Cellphone Battery,2
,OLD STOCK,,,31430673-60,,OPPO,Cellphone Battery,2
,OLD STOCK,,,31430673-61,,OPPO,Cellphone Battery,2
,TC1016,,,61313284-1288,,Acer,Laptop Charger,2
Laptop Charger Magsafe 1 85W L Style,Old Stock,457.04,Liz,59572719-7,HQBUFF11,Macbook,Laptop Charger,2
Laptop Charger Lenovo 3.25A USB,LPO-C48,181.03,Liz,81169830-60,GENT015,Lenovo,Laptop Charger,2
,,,,69113437-16,,HP,Laptop Charger,2
,,,,81505285-33,,LENOVO,Laptop Charger,2
Laptop Charger Sony 3.3A Circle Pin,OLD STOCK,163.60,Liz,80115001-15,LPO52,SONY,Laptop Charger,2
,,,,81505285-100,,LENOVO,Laptop Charger,2
Laptop Battery Acer AL12A32,LPO-C255,704.40,All Star,60765141-92,PObatch-646,Acer,Laptop Battery,2
Laptop Battery Acer AL12A32,LPO-C255,704.40,All Star,60765141-93,PObatch-646,Acer,Laptop Battery,2
Laptop Battery Acer AL12A32,LPO-C255,704.40,All Star,60765141-97,PObatch-646,Acer,Laptop Battery,2
Laptop Battery Acer AL12A32,LPO-C255,704.40,All Star,60765141-91,PObatch-646,Acer,Laptop Battery,2
Laptop Battery Acer AL12A32,LPO-C255,704.40,All Star,60765141-90,PObatch-646,Acer,Laptop Battery,2
Laptop Battery Acer AL12A32,LPO-C255,704.40,All Star,60765141-100,PObatch-646,Acer,Laptop Battery,2
Laptop Battery Acer AL12A32,LPO-C255,704.40,All Star,60765141-87,PObatch-646,Acer,Laptop Battery,2
Laptop Battery Dell WDXOR,TC1021,744.63,All Star,67599761-56,PObatch-646,Dell,Laptop Battery,2
Laptop Battery Acer AL12A32,LPO-C255,704.40,All Star,60765141-94,PObatch-646,Acer,Laptop Battery,2
Laptop Battery Acer AL12A32,LPO-C255,704.40,All Star,60765141-85,PObatch-646,Acer,Laptop Battery,2
Laptop Battery Acer AL12A32,LPO-C255,704.40,All Star,60765141-89,PObatch-646,Acer,Laptop Battery,2
Laptop Battery Acer AL12A32,LPO-C255,704.40,All Star,60765141-86,PObatch-646,Acer,Laptop Battery,2
Laptop Battery Asus C41N1731 Type C,C255,883.64,Kelly,31934808-4,LPO004,ASUS,Laptop Battery,2
Laptop Battery Acer AL12A32,LPO-C255,704.40,All Star,60765141-96,PObatch-646,Acer,Laptop Battery,2
Laptop Battery Acer AL12A32,LPO-C255,704.40,All Star,60765141-88,PObatch-646,Acer,Laptop Battery,2
Laptop Charger Samsung 12V 3A Common Pin,,135.56,Liz,38652513-105,LPO006,Samsung,Laptop Charger,2
Laptop Charger Lenovo 3.25A Bullet Pin,SEBEZ004,184.76,Liz,05443569-358,PObatch-1339,Lenovo,Laptop Charger,2
Laptop Charger Lenovo 3.25A Bullet Pin,SEBEZ004,184.76,Liz,05443569-355,PObatch-1339,Lenovo,Laptop Charger,2
Laptop Battery Acer AL12A32,LPO-C255,704.40,All Star,60765141-95,PObatch-646,Acer,Laptop Battery,2
Laptop Battery Acer AL12A32,LPO-C255,704.40,All Star,60765141-98,PObatch-646,Acer,Laptop Battery,2
Laptop Charger Lenovo 20V 2.25A Bullet Pin Original,,324.14,Liz,225BO-211,PObatch-13,Lenovo,Laptop Charger,2
Laptop Charger Lenovo 3.25A Bullet Pin,SEBEZ004,184.76,Liz,05443569-348,PObatch-1339,Lenovo,Laptop Charger,2
Laptop Charger Lenovo 3.25A Bullet Pin,SEBEZ004,184.76,Liz,05443569-365,PObatch-1339,Lenovo,Laptop Charger,2
Laptop Charger Lenovo 3.25A Bullet Pin,SEBEZ004,184.76,Liz,05443569-360,PObatch-1339,Lenovo,Laptop Charger,2
Laptop Charger HP 19.5V 2.31A Blue Pin,,158.22,Liz,1833972-496,PObatch-373,HP,Laptop Charger,2
Laptop Charger Lenovo 3.25A Bullet Pin,SEBEZ004,184.76,Liz,05443569-375,PObatch-1339,Lenovo,Laptop Charger,2
Laptop Charger Lenovo 3.25A Bullet Pin,SEBEZ004,184.76,Liz,05443569-379,PObatch-1339,Lenovo,Laptop Charger,2
Laptop Charger Lenovo 3.25A Bullet Pin,SEBEZ004,184.76,Liz,05443569-381,PObatch-1339,Lenovo,Laptop Charger,2
Laptop Charger Lenovo 2.25A USB Pin,SEBEZ005,155.57,Liz,05897641-21,LPO52,Lenovo,Laptop Charger,2
Laptop Charger Lenovo 3.25A Bullet Pin,SEBEZ004,184.76,Liz,05443569-343,PObatch-1339,Lenovo,Laptop Charger,2
Laptop Charger Lenovo 20V 2.25A Bullet Pin Original,,324.14,Liz,225BO-202,PObatch-13,Lenovo,Laptop Charger,2
Laptop Charger Lenovo 20V 2.25A Bullet Pin Original,,324.14,Liz,225BO-178,PObatch-13,Lenovo,Laptop Charger,2
Laptop Charger Lenovo 20V 2.25A Bullet Pin Original,,324.14,Liz,225BO-208,PObatch-13,Lenovo,Laptop Charger,2
Laptop Charger Lenovo 20V 2A Common Pin,,154.89,Liz,03687925-1,LPO003,Lenovo,Laptop Charger,2
Laptop Charger Acer 19V 2.37A Blue Pin,,141.86,Liz,6570410-174,PObatch-373,Acer,Laptop Charger,2
Laptop Charger Asus 19V 3.42A Male Pin Original,,339.77,Liz,1794127-28,PObatch-471,ASUS,Laptop Charger,2
Laptop Charger Microsoft Surface Pro 15V 2.58A,PH814,552.94,Liz,86118201-79,LPO52,Microsoft,Laptop Charger,2
Laptop Charger Acer 19V 3.42A Yellow Pin,TC1075,149.84,Liz,AC342YP-764,GH001,Acer,Laptop Charger,2
Laptop Charger Asus 19V 3.42A Common Pin,,141.86,Liz,7430676-50,PObatch-373,ASUS,Laptop Charger,2
Laptop Charger Lenovo 20V 2.25A Bullet Pin Original,,324.14,Liz,225BO-239,PObatch-13,Lenovo,Laptop Charger,2
Laptop Charger Acer 19V 2.37A Micro Pin,,141.86,Liz,0922228-898,PObatch-373,Acer,Laptop Charger,2
Laptop Charger Asus 19V 3.42A Common Pin,,141.86,Liz,7430676-20,PObatch-373,ASUS,Laptop Charger,2
Laptop Charger Acer 19V 2.37A Blue Pin,,141.86,Liz,6570410-119,PObatch-373,Acer,Laptop Charger,2
Laptop Charger Dell 19V 1.58A Yellow Pin,OLD STOCK,143.22,Liz,14555087-29,HQBUFF13,Acer,Laptop Charger,2
Laptop Charger Asus 19V 2.37A Small Pin,,141.86,Liz,9010398-107,PObatch-373,ASUS,Laptop Charger,2
Laptop Charger Acer 19V 3.42A Yellow Pin,TC1075,149.84,Liz,AC342YP-778,GH001,Acer,Laptop Charger,2
Laptop Charger Acer 19V 2.37A Blue Pin,,141.86,Liz,6570410-159,PObatch-373,Acer,Laptop Charger,2
Laptop Charger Acer 19V 2.37A Micro Pin,,163.37,Liz,0922228-2476,PObatch-427,Acer,Laptop Charger,2
Laptop Charger HP 19.5V 2.31A Blue Pin,,158.22,Liz,1833972-611,PObatch-373,HP,Laptop Charger,2
Laptop Charger Lenovo 20V 2.25A USB Pin,TC1060,145.74,Liz,38290833-30,HQBUFF11,Lenovo,Laptop Charger,2
Laptop Charger Asus 3.42A Common Pin Original,LPO-C48,332.73,Liz,06550979-5,LPO001,ASUS,Laptop Charger,2
Laptop Charger HP 19.5V 2.31A Blue Pin,,158.22,Liz,1833972-509,PObatch-373,HP,Laptop Charger,2
Laptop Charger Asus 19V 2.37A Small Pin Original,,307.54,Liz,237SPO-204,PObatch-13,ASUS,Laptop Charger,2
Laptop Charger Asus 19V 2.37A Small Pin,,163.37,Liz,9010398-223,PObatch-427,ASUS,Laptop Charger,2
Laptop Charger Asus 19V 2.37A Small Pin,,141.86,Liz,9010398-198,PObatch-373,ASUS,Laptop Charger,2
Laptop Charger Asus 19V 3.42A Small Pin original,TC1016,331.37,Liz,37100643-696,PObatch-471,ASUS,Laptop Charger,2
Laptop Charger Asus 45W Type C Square,,406.97,Liz,66744824-47,PObatch-471,ASUS,Laptop Charger,2
Laptop Charger Asus 45W Type C Square,,406.97,Liz,66744824-49,PObatch-471,ASUS,Laptop Charger,2
Mouse Pad Short,Locals,30.00,Syy,MousePad-209,PObatch-485,No Brand,Accessories,2
Laptop Charger Acer 19V 2.37A Micro Pin,,141.86,Liz,0922228-189,PObatch-373,Acer,Laptop Charger,2
Laptop Keyboard Lenovo 110-14ISK,,188.22,Imports,81938744-5,LPO047,Lenovo,Laptop Keyboard,2
Laptop Keyboard Acer SF314-54,LOCALS,550.00,Mars,40380455-68,PObatch-1091,Acer,Laptop Keyboard,2
,LOCALS,,,01207079-2,,Acer,Laptop Keyboard,2
Laptop Keyboard Acer A314-41,,600.00,Mars,73277897-51,BUFFER1,Acer,Laptop Keyboard,2
,LOCALS,,,24883060-1,,LENOVO,Laptop Keyboard,2
Laptop Battery MSI BTY-M6J,TC1021,1035.10,All Star,44086612-10,PObatch-1380,MSI,Laptop Battery,2
Laptop Battery Dell 33YDH,TC1021,875.17,All Star,44501948-44,PObatch-1380,Dell,Laptop Battery,2
Laptop Battery Acer AP18E8M,TC1057,1066.66,All Star,34518305-11,PObatch-1380,Acer,Laptop Battery,2
Laptop Battery Acer AP18E8M,TC1057,969.95,All Star,34518305-10,PObatch-1380,Acer,Laptop Battery,2
,SEBEZ003,,,23329615-194,,ASUS,Laptop Charger,2
Laptop Charger Asus 19V 1.75A Small Pin,LPO-C21,104.87,Liz,97766818-263,LPO52,ASUS,Laptop Charger,2
Laptop Charger HP 19.5V 3.33A BLUE PIN,,158.22,Liz,5910346-478,PObatch-373,HP,Laptop Charger,2
,,,,90913876-45,,ASUS,Laptop Charger,2
Cellphone LCD Huawei Y6 2018,LPO-C29,336.77,Imports,79321071-5,LPO006,huawei,Cellphone Lcd,2
Cellphone LCD Oppo A5 2020,LPO-C29,304.45,Imports,55142386-19,LPO048,oppo,Cellphone Lcd,2
Cellphone Battery Vivo Y73 (B-C1),LPO-C249,175.49,Imports,54565201-49,HQBUFF001,VIVO,Cellphone Battery,2
Cellphone Battery iPhone 11,LPO-C249,272.34,Imports,30213396-5,LPO007,Apple,Cellphone Battery,2
Cellphone Battery Xiaomi Redmi Note 5 (BN45),TC1057,201.07,Imports,60532433-44,HQBUFF002,xiaomi,Cellphone Battery,2
Laptop Battery Lenovo L16L2PB2,TC1021,1.00,All Star,04484840-26,PObatch-1380,Lenovo,Laptop Battery,2
Laptop Battery Lenovo L16L2PB2,TC1021,1.00,All Star,04484840-27,PObatch-1380,Lenovo,Laptop Battery,2
Laptop Battery Dell M5Y1K,LPO-C255,741.92,All Star,52119472-90,PObatch-1380,Dell,Laptop Battery,2
Laptop Battery Dell M5Y1K,LPO-C255,741.92,All Star,52119472-91,PObatch-1380,Dell,Laptop Battery,2
Laptop Battery HP MO06,,385.14,Kina,38586466-24,HQBUFF4,HP,Laptop Battery,2
Laptop Battery Dell XCMRD,TC1021,664.75,All Star,34720764-3,HQBUFF4,Dell,Laptop Battery,2
Laptop Battery Lenovo G460,,485.21,Kelly,37795152-8,HQBUFF4,Lenovo,Laptop Battery,2
,LPO-C223,,,32906123-1,,ACER,Laptop Battery,2
Laptop Charger Acer 19V 2.37A Micro Pin,,141.86,Liz,0922228-372,PObatch-373,Acer,Laptop Charger,2
Laptop Charger Acer 19V 3.42A Micro Pin,TC1075,175.53,Liz,AC342M-1225,PObatch-1231,Acer,Laptop Charger,2
Laptop Charger LPO Asus 2.37A Small Pin original,LPO-C235,378.61,Liz,31136446-179,PObatch-1039,ASUS,Laptop Charger,2
Laptop Charger Acer 19V 3.42A Yellow Pin,TC1075,149.84,Liz,AC342YP-543,GH001,Acer,Laptop Charger,2
Laptop Charger LPO Asus 2.37A Small Pin original,LPO-C235,378.61,Liz,31136446-177,PObatch-1039,ASUS,Laptop Charger,2
Laptop Charger LPO Asus 2.37A Small Pin original,LPO-C235,378.61,Liz,31136446-178,PObatch-1039,ASUS,Laptop Charger,2
Laptop Charger LPO Lenovo 20V 3.25A Bullet Pin original,TC1060,336.21,Liz,93115579-108,HQBUFF15,Lenovo,Laptop Charger,2
Laptop Charger LPO Asus 2.37A Small Pin original,LPO-C235,378.61,Liz,31136446-167,PObatch-1039,ASUS,Laptop Charger,2
,LPO-C50,,,50186802-14,,ACER,Laptop Battery,2
Laptop Charger LPO Asus 2.37A Small Pin original,LPO-C235,378.61,Liz,31136446-172,PObatch-1039,ASUS,Laptop Charger,2
Laptop Charger Lenovo 3.25A Bullet Pin,SEBEZ004,184.76,Liz,05443569-336,PObatch-1339,Lenovo,Laptop Charger,2
Laptop Charger Asus 19V 3.42A Small Pin Original,TC1075,360.15,Liz,AS342SO-416,PObatch-1206,ASUS,Laptop Charger,2
Laptop Charger Asus 19V 2.37A Small Pin Original,,322.97,Liz,9745549-32,PObatch-471,ASUS,Laptop Charger,2
Laptop Charger Dell 19.5V 4.62A Circle Pin,TC1016,190.33,Liz,35603241-100,HQBUFF11,Dell,Laptop Charger,2
,Old Stock,,,51875675-23,,SONY,Laptop Charger,2
Laptop Charger HP 19.5V 2.31A Blue Pin,,158.22,Liz,1833972-337,PObatch-373,HP,Laptop Charger,2
,LPO-C235,,,29220962-96,,Dell,Laptop Charger,2
Laptop Charger LPO Asus 2.37A Small Pin original,LPO-C235,378.61,Liz,31136446-171,PObatch-1039,ASUS,Laptop Charger,2
Laptop Charger LPO Asus 2.37A Small Pin original,LPO-C235,378.61,Liz,31136446-173,PObatch-1039,ASUS,Laptop Charger,2
Laptop Charger LPO Asus 2.37A Small Pin original,LPO-C235,378.61,Liz,31136446-188,PObatch-1039,ASUS,Laptop Charger,2
Laptop Charger LPO Asus 2.37A Small Pin original,LPO-C235,378.61,Liz,31136446-186,PObatch-1039,ASUS,Laptop Charger,2
Laptop Charger Acer 19V 2.37A Blue Pin,,141.86,Liz,6570410-95,PObatch-373,Acer,Laptop Charger,2
Laptop Charger Acer 19V 3.42A Yellow Pin,TC1075,149.84,Liz,AC342YP-751,GH001,Acer,Laptop Charger,2
Laptop Charger LPO Asus 2.37A Small Pin original,LPO-C235,378.61,Liz,31136446-175,PObatch-1039,ASUS,Laptop Charger,2
Laptop Battery Lenovo L13L4A61,,787.31,Kina,67177560-3,HQBUFF3,Lenovo,Laptop Battery,2
Laptop Battery Acer AS09C71,OLD STOCK,385.14,Kina,10755703-21,LPO004,Acer,Laptop Battery,2
Laptop Battery HP VK04,PH815,444.12,Kina,23034378-45,LPO005,HP,Laptop Battery,2
Laptop Charger LPO Lenovo 20V 2.25A USB Pin original,LPO-C235,301.37,Liz,82430455-40,HQBUFF13,Lenovo,Laptop Charger,2
,LPO-C50,,,50186802-19,,ACER,Laptop Battery,2
Laptop Battery Acer AP13B3K,LPO-C223,791.52,Kelly,22954312-20,HQBUFF1,Acer,Laptop Battery,2
Laptop Charger Asus 11.8A Common Pin,,645.00,Liz,52874430-6,HQBUFF13,ASUS,Laptop Charger,2
Laptop Charger Asus 11.8A Common Pin,,645.00,Liz,52874430-7,HQBUFF13,ASUS,Laptop Charger,2
Laptop Charger Asus 11.8A Common Pin,,645.00,Liz,52874430-4,HQBUFF13,ASUS,Laptop Charger,2
Laptop Charger Dell 65W Type C,,504.20,Liz,79416989-26,LPO006,Dell,Laptop Charger,2
Laptop Charger Microsoft Surface Pro 15V 4A,PH.814,552.94,Liz,03088198-44,HQBUFF11,Microsoft,Laptop Charger,2
Laptop Charger Acer 1.58A Common Pin,OLD STOCK,138.01,Liz,50083134-13,LPO52,Acer,Laptop Charger,2
Laptop Charger Dell 19V 1.58A Yellow Pin,OLD STOCK,154.89,Liz,17114446-5,LPO52,Dell,Laptop Charger,2
Laptop Charger Toshiba 19V 3.42A Common Pin,Locals,250.00,Andrew,75293902-5,LPO006,Toshiba,Laptop Charger,2
Laptop Charger Lenovo 45W Type C Square Type,LPO-C223,350.80,Liz,62682504-11,HQBUFF3,Lenovo,Laptop Charger,2
Laptop Charger Dell 19V 1.58A Yellow Pin,OLD STOCK,154.89,Liz,17114446-3,LPO52,Dell,Laptop Charger,2
,LPO-C21,,,97766818-286,,ASUS,Laptop Charger,2
Laptop Charger Toshiba 4.74A Common Pin,,183.35,Liz,80699512-24,HQBUFF3,Toshiba,Laptop Charger,2
Laptop Charger Samsung 14V 3A Circle Pin,SEBEZ003,121.66,Liz,52451371-46,LPO52,Samsung,Laptop Charger,2
Laptop Charger Asus 19V 3.42A Zenbook Pin,OLD STOCK,162.74,Liz,14660933-30,LPO52,ASUS,Laptop Charger,2
Laptop Charger Asus 19V 2.37A Zenbook Pin,SEBEZ004,142.89,Liz,70193874-37,HQBUFF11,ASUS,Laptop Charger,2
Laptop Charger Asus 1.58A Micro Pin,Old Stock,143.22,Liz,67081511-6,HQBUFF3,ASUS,Laptop Charger,2
Laptop Charger Microsoft Surface Pro 12V 3.6A,OLD STOCK,617.02,Liz,82841274-35,LPO52,Microsoft,Laptop Charger,2
Laptop Charger Sony 16V 4A Circle Pin,Old Stock,154.25,Liz,85744261-7,HQBUFF15,SONY,Laptop Charger,2
Laptop Keyboard Lenovo 330-14,TC1050,168.46,Imports,49332706-2,LPO047,Lenovo,Laptop Keyboard,2
Laptop Keyboard Acer ZG5,PH929,298.42,Imports,13930876-4,LPO047,Acer,Laptop Keyboard,2
Laptop Keyboard Acer ZG5,PH929,298.42,Imports,13930876-3,LPO047,Acer,Laptop Keyboard,2
,Old Stocks,,,07348270-3,,Apple,Cellphone Battery,2
,Old Stock,,,49758261-24,,Apple,Cellphone Battery,2
,Old Stocks,,,07348270-2,,Apple,Cellphone Battery,2
,Old Stock,,,49412656-27,,Apple,Cellphone Battery,2
,,,,91536992-16,,Apple,Cellphone Battery,2
,,,,64272442-133,,APPLE,Cellphone Battery,2
,,,,64272442-98,,APPLE,Cellphone Battery,2
,Old Stocks,,,07348270-9,,Apple,Cellphone Battery,2
,Old Stocks,,,07348270-7,,Apple,Cellphone Battery,2
Cellphone Battery iPhone 6 Plus,Old Stock,194.19,Imports,49758261-9,HQBUFF19,Apple,Cellphone Battery,2
,Old Stock,,,49758261-23,,Apple,Cellphone Battery,2
,,,,38013439-9,,INFINIX,Cellphone Battery,2
,,,,38013439-10,,INFINIX,Cellphone Battery,2
,LPO-C26,,,94106588-37,,Xiaomi,Cellphone Battery,2
,Old Stocks,,,07348270-5,,Apple,Cellphone Battery,2
,Old Stocks,,,07348270-8,,Apple,Cellphone Battery,2
,Old Stocks,,,07348270-4,,Apple,Cellphone Battery,2
,Old Stocks,,,07348270-1,,Apple,Cellphone Battery,2
,Old Stock,,,55246203-40,,HP,Laptop Charger,2
,Old Stock,,,55246203-10,,HP,Laptop Charger,2
,Old Stock,,,55246203-22,,HP,Laptop Charger,2
,Old Stock,,,55246203-46,,HP,Laptop Charger,2
,,,,81505285-105,,LENOVO,Laptop Charger,2
,,,,81505285-20,,LENOVO,Laptop Charger,2
,Old Stock,,,55246203-8,,HP,Laptop Charger,2
,,,,81505285-18,,LENOVO,Laptop Charger,2
,Old Stock,,,55246203-20,,HP,Laptop Charger,2
,Old Stock,,,55246203-39,,HP,Laptop Charger,2
,,,,81505285-102,,LENOVO,Laptop Charger,2
,,,,69113437-4,,HP,Laptop Charger,2
Laptop Charger MSI 11.8A 7.4mm x 5.0mm,,1018.97,Liz,03285635-9,HQBUFF3,MSI,Laptop Charger,2
Laptop Charger Asus 20V 9A Common Pin Original,Old Stock,1900.00,Mars,68105692-10,PObatch-290,ASUS,Laptop Charger,2
Laptop Battery Toshiba 3817,TC1021,409.84,Kina,36026440-29,HQBUFF1,Toshiba,Laptop Battery,2
Laptop Charger HP 19.5V 3.33A BLUE PIN,,158.22,Liz,5910346-674,PObatch-373,HP,Laptop Charger,2
Laptop Charger Acer 19V 3.42A Yellow Pin,,141.86,Liz,8217034-63,PObatch-373,Acer,Laptop Charger,2
Laptop Charger Lenovo 20V 2.25A Bullet Pin,,158.22,Liz,9609194-35,PObatch-373,Lenovo,Laptop Charger,2
Laptop Charger LPO Acer 19V 2.37A Micro Pin,TC001,348.17,Liz,14017498-116,PObatch-427,Acer,Laptop Charger,2
Laptop Charger Lenovo 20V 3.25A Bullet Pin,,158.22,Liz,7648896-27,PObatch-373,Lenovo,Laptop Charger,2
,LPO-C235,,,82430455-45,,LENOVO,Laptop Charger,2
,,,,57270064-9,,Samsung,Cellphone Battery,2
Laptop Battery Asus C21N1634,TC1057,725.67,All Star,26662139-9,HQBUFF1,ASUS,Laptop Battery,2
Laptop Battery Acer AP18E8M,,969.95,All Star,LB18E8M-25,PObatch-646,Acer,Laptop Battery,2
Laptop Battery Lenovo L17L3P52,Locals,1500.00,Mars,L17L3P52-1,LPO006,Lenovo,Laptop Battery,2
Laptop Battery Asus C41N1716,C255,1004.75,Kelly,51365294-1,LPO005,ASUS,Laptop Battery,2
Laptop Charger Samsung 2.1A Thin Pin,LPO-C223,154.78,Liz,44168859-25,HQBUFF11,Samsung,Laptop Charger,2
Laptop Charger Lenovo 3.25A Bullet Pin,SEBEZ004,184.76,Liz,05443569-332,PObatch-1048,Lenovo,Laptop Charger,2
Laptop Charger Acer 19V 2.37A Micro Pin,,163.37,Liz,0922228-1187,PObatch-427,Acer,Laptop Charger,2
Laptop Charger Acer 19V 3.42A Yellow Pin,TC1075,149.84,Liz,AC342YP-944,GH001,Acer,Laptop Charger,2
Laptop Charger HP 18.5V 3.5A 4.8mm x 1.7mm,,154.63,Liz,63773683-2,HQBUFF2,HP,Laptop Charger,2
Laptop Charger Toshiba 19V 2.37A Common Pin,TC1060,137.80,Liz,44324880-44,HQBUFF13,Toshiba,Laptop Charger,2
Laptop Charger HP 19.5V 3.33A BLUE PIN,,175.97,Liz,5910346-745,PObatch-427,HP,Laptop Charger,2
Laptop Charger Acer 19V 3.42A Yellow Pin,TC1075,149.84,Liz,AC342YP-560,GH001,Acer,Laptop Charger,2
Laptop Charger Lenovo 20V 2.25A Bullet Pin Original,,324.14,Liz,225BO-198,PObatch-13,Lenovo,Laptop Charger,2
Laptop Charger Dell 19.5V 3.34 Circle Medium,,163.68,Liz,8529524-185,PObatch-373,Dell,Laptop Charger,2
Laptop Charger Asus 19V 2.37A Small Pin Original,,322.97,Liz,9745549-31,PObatch-471,ASUS,Laptop Charger,2
Laptop Charger Asus 3.42A Male Pin,,163.37,Liz,13727605-4,PObatch-412,ASUS,Laptop Charger,2
Laptop Charger Asus 3.42A Common Pin Original,LPO-C48,332.73,Liz,06550979-21,LPO001,ASUS,Laptop Charger,2
Laptop Charger Acer 19V 2.37A Micro Pin,TC1075,163.37,Liz,AC237M-1105,PObatch-1004,Acer,Laptop Charger,2
Laptop Charger Acer 19V 2.37A Blue Pin,,141.86,Liz,6570410-413,PObatch-373,Acer,Laptop Charger,2
Laptop Charger LPO Acer 2.37A Blue Pin original,LPO-C235,301.37,Liz,94456309-24,HQBUFF13,Acer,Laptop Charger,2
Laptop Charger Asus 3.42A Male Pin,,163.37,Liz,13727605-5,PObatch-412,ASUS,Laptop Charger,2
Laptop Charger Asus 19V 3.42A Small Pin Original,TC1075,360.15,Liz,AS342SO-439,PObatch-1385,ASUS,Laptop Charger,2
Laptop Charger HP 19.5V 3.33A Blue Pin,Locals,189.38,Liz,77394813-605,PObatch-1340,HP,Laptop Charger,2
Laptop Charger Acer 19V 2.37A Micro Pin,,163.37,Liz,0922228-1543,PObatch-427,Acer,Laptop Charger,2
Laptop Charger Asus 19V 2.37A Zenbook Pin Original,OLD STOCK,327.21,Liz,23556820-39,HQBUFF19,ASUS,Laptop Charger,2
Laptop Charger Asus 19V 3.42A Small Pin,,141.86,Liz,2191264-186,PObatch-373,ASUS,Laptop Charger,2
Laptop Charger Asus 19V 3.42A Small Pin original,TC1016,331.37,Liz,37100643-761,PObatch-917,ASUS,Laptop Charger,2
Laptop Charger Dell 19.5V 4.62A Circle Pin,TC001,203.80,Liz,38089090-70,HQBUFF11,Dell,Laptop Charger,2
Laptop Charger Asus 19V 2.37A Male Pin,,147.31,Liz,7670493-49,PObatch-373,ASUS,Laptop Charger,2
Laptop Charger Dell 19.5V 3.34A Circle Pin,,163.68,Liz,1960697-194,PObatch-373,Dell,Laptop Charger,2
Laptop Charger Asus 19V 2.37A Small Pin Original,,322.97,Liz,9745549-27,PObatch-471,ASUS,Laptop Charger,2
Laptop Charger Asus 19V 2.37A Zenbook Pin Original,,327.21,Liz,31842905-1,HQBUFF13,ASUS,Laptop Charger,2
Laptop Charger Dell 19.5V 2.31A Circle Medium,TC001,180.17,Liz,96549258-17,PObatch-418,Dell,Laptop Charger,2
Laptop Charger Asus 19V 2.37A Zenbook Pin Original,OLD STOCK,327.21,Liz,23556820-38,HQBUFF19,ASUS,Laptop Charger,2
Laptop Charger Lenovo 4.74A Common Pin,SEBEZ003,167.89,Liz,86655561-40,LPO52,Lenovo,Laptop Charger,2
Laptop Charger Asus 19V 2.37A Small Pin,TC1075,1.00,Liz,AS237S-130,PObatch-967,ASUS,Laptop Charger,2
Laptop Charger Dell 19.5V 4.62A Circle Pin,TC001,203.80,Liz,38089090-76,HQBUFF11,Dell,Laptop Charger,2
Laptop Charger Lenovo 20V 3.25A Bullet Pin,TC1032,158.22,Liz,44494203-244,PObatch-917,Lenovo,Laptop Charger,2
Laptop Charger Asus 19V 2.37A Small Pin Original,,322.97,Liz,9745549-48,PObatch-471,ASUS,Laptop Charger,2
Laptop Charger Acer 19V 3.42A Micro Pin,TC1075,175.53,Liz,AC342M-1368,PObatch-1353,Acer,Laptop Charger,2
Laptop Charger Acer 19V 2.37A Micro Pin,TC1075,175.53,Liz,AC237M-1443,PObatch-1339,Acer,Laptop Charger,2
Laptop Charger Acer 19V 2.37A Micro Pin,,163.37,Liz,0922228-1809,PObatch-427,Acer,Laptop Charger,2
Laptop Charger HP 19.5V 2.31A Blue Pin,TC1060,189.38,Liz,86301302-445,PObatch-1282,HP,Laptop Charger,2
Laptop Charger Acer 19V 2.37A Blue Pin,,163.37,Liz,6570410-1120,PObatch-427,Acer,Laptop Charger,2
Laptop Charger Asus 4.74A 19V Male Pin Original,,550.00,Syy,LC474MO-60,PObatch-1489,ASUS,Laptop Charger,2
Laptop Charger HP 19.5V 3.33A Blue Pin,Locals,189.38,Liz,77394813-648,PObatch-1340,HP,Laptop Charger,2
Laptop Charger Asus 19V 2.37A Small Pin Original,,322.97,Liz,9745549-98,PObatch-471,ASUS,Laptop Charger,2
Laptop Charger Acer 19V 2.37A Blue Pin,TC1075,175.53,Liz,AC237B-1028,PObatch-1245,Acer,Laptop Charger,2
Laptop Charger Asus 19V 2.37A Small Pin,TC1075,175.53,Liz,AS237S-379,PObatch-1349,ASUS,Laptop Charger,2
Laptop Charger HP 19.5V 3.33A Blue Pin,TC1075,189.38,Liz,HP333B-279,PObatch-1229,HP,Laptop Charger,2
Laptop Charger HP 19.5V 3.33A Blue Pin,TC1075,189.38,Liz,HP333B-266,PObatch-1229,HP,Laptop Charger,2
Laptop Charger Asus 19V 3.42A Small Pin Original,TC1075,360.15,Liz,AS342SO-393,PObatch-1206,ASUS,Laptop Charger,2
Laptop Charger Acer 19V 2.37A Blue Pin,TC1075,175.53,Liz,AC237B-1063,PObatch-1359,Acer,Laptop Charger,2
Laptop Charger Acer 19V 2.37A Purple Pin Original,,370.60,Liz,6820426-23,PObatch-1454,Acer,Laptop Charger,2
Laptop Charger Acer 19V 2.37A Blue Pin,,141.86,Liz,6570410-296,PObatch-373,Acer,Laptop Charger,2
Laptop Charger Acer 19V 2.37A Blue Pin,TC1075,175.53,Liz,AC237B-1073,PObatch-1359,Acer,Laptop Charger,2
Laptop Charger HP 19.5V 3.33A Blue Pin,TC1075,189.38,Liz,HP333B-319,PObatch-1229,HP,Laptop Charger,2
Laptop Keyboard Lenovo 330-15,LOCALS,550.00,Mars,40819098-5,LPO006,Lenovo,Laptop Keyboard,2
Cellphone Battery Samsung A71 (EB-BA715),,188.44,Imports,CB715-38,PObatch-482,Samsung,Cellphone Battery,2
Cellphone Battery Xiaomi Note 10 (BM52),,282.53,Imports,CBM52-30,PObatch-482,xiaomi,Cellphone Battery,2
,Old Stock,,,55246203-36,,HP,Laptop Charger,2
,,,,81505285-44,,LENOVO,Laptop Charger,2
,,,,52080463-225,,LENOVO,Laptop Charger,2
,,,,81505285-21,,LENOVO,Laptop Charger,2
,,,,81505285-16,,LENOVO,Laptop Charger,2
,Old Stock,,,55246203-12,,HP,Laptop Charger,2
,,,,81505285-25,,LENOVO,Laptop Charger,2
,Old Stock,,,55246203-19,,HP,Laptop Charger,2
,,,,81505285-38,,LENOVO,Laptop Charger,2
,,,,69113437-9,,HP,Laptop Charger,2
,,,,81505285-17,,LENOVO,Laptop Charger,2
,,,,81505285-35,,LENOVO,Laptop Charger,2
,,,,81505285-19,,LENOVO,Laptop Charger,2
Laptop Charger HP Printer 32V,,186.97,Liz,70510957-29,HQBUFF13,HP,Laptop Charger,2
,TC1018,,,32748546-106,,No Brand,Led Screen,2
,TC1018,,,91516146-42,,NO BRAND,Led Screen,2
,TC1018,,,91516146-19,,NO BRAND,Led Screen,2
Led Screen 15.6 30 Pins Slim FHD,,1659.88,All Star,76725222-73,PObatch-495,No Brand,Led Screen,2
Led Screen 15.6 30 Pins Borderless FHD (Recreational),,1955.09,All Star,1572303-2,PObatch-1261,No Brand,Led Screen,3
Led Screen 15.6 30 Pins Slim FHD,,1659.88,All Star,76725222-67,PObatch-495,No Brand,Led Screen,2
Led Screen 15.6 30 Pins Slim FHD,,1659.88,All Star,76725222-75,PObatch-495,No Brand,Led Screen,2
Led Screen 11.6 30 Pins Slim Side Bracket HD,PH931,930.19,All Star,68958264-6,LPO004,No Brand,Led Screen,2
,,,,76162192-7,,NO BRAND,Led Screen,2
Led Screen 15.6 40 Pins Borderless FHD 165hz,Imports,3500.00,Jst,12199740-7,PObatch-345,Led Screen,Led Screen,2
,TC1057,,,25817752-49,,NO BRAND,Led Screen,2
,Old Stock,,,41239558-6,,NO Brand,Led Screen,2
,SEBEZ003,,,05487641-27,,NO BRAND,Led Screen,2
Led Screen 14 30 Pins Borderless HD,,1324.03,All Star,7858154-158,PObatch-648,No Brand,Led Screen,2
Led Screen 14 30 Pins Slim HD,LPO-C223,825.10,All Star,27214775-226,PObatch-648,No Brand,Led Screen,2
Led Screen 14 30 Pins Slim HD,LPO-C223,972.53,All Star,27214775-239,PObatch-1379,No Brand,Led Screen,2
Led Screen 14 30 Pins Slim HD,LPO-C223,972.53,All Star,27214775-240,PObatch-1379,No Brand,Led Screen,2
Led Screen 14 30 Pins Slim HD,LPO-C223,972.53,All Star,27214775-241,PObatch-1379,No Brand,Led Screen,2
Led Screen 14 30 Pins Slim HD,LPO-C223,972.53,All Star,27214775-242,PObatch-1379,No Brand,Led Screen,2
Led Screen 15.6 30 Pins Thin Bezel HD,SEBEZ003,1396.45,All Star,85373308-24,PObatch-648,No Brand,Led Screen,2
Led Screen 15.6 40 Pins Slim FHD,,3036.52,All Star,48957734-10,LPO004,No Brand,Led Screen,2
Led Screen 15.6 30 Pins Slim FHD,LPO-C31,1497.15,All Star,21380848-18,LPO048,No Brand,Led Screen,2
Led Screen 15.6 30 Pins Slim FHD,LPO-C31,1497.15,All Star,21380848-25,LPO048,No Brand,Led Screen,2
,Old Stock,,,55246203-26,,HP,Laptop Charger,2
,,,,17414596-61,,HP,Laptop Charger,2
,,,,81505285-30,,LENOVO,Laptop Charger,2
Laptop Charger Acer 19V 2.37A Blue Pin,,163.37,Liz,6570410-1107,PObatch-427,Acer,Laptop Charger,2
,,,,52080463-230,,LENOVO,Laptop Charger,2
Laptop Keyboard Lenovo 310-15,,500.00,Imports,92891361-1,HQBUFF003,Lenovo,Laptop Keyboard,2
,PH929,,,13930876-2,,ACER,Laptop Keyboard,2
Laptop Keyboard Acer A314-41,TC1007,225.87,Imports,64715197-15,HQBUFF003,Acer,Laptop Keyboard,2
,TC1050,,,16800859-17,,Acer,Laptop Keyboard,2
Laptop Keyboard HP 840 G3,,550.00,Jst,35583551-20,PObatch-67,HP,Laptop Keyboard,2
,,,,06350916-1,,Dell,Laptop Keyboard,2
,,,,23425789-17,,ASUS,Laptop Keyboard,2
,PH810,,,97408121-98,,NO BRAND,Led Screen,2
,PH810,,,97408121-99,,NO BRAND,Led Screen,2
,PH810,,,97408121-97,,NO BRAND,Led Screen,2
,PH810,,,97408121-96,,NO BRAND,Led Screen,2
,PH810,,,97408121-100,,NO BRAND,Led Screen,2
,PH810,,,97408121-85,,NO BRAND,Led Screen,2
,PH810,,,97408121-84,,NO BRAND,Led Screen,2
,PH810,,,97408121-83,,NO BRAND,Led Screen,2
,PH810,,,97408121-82,,NO BRAND,Led Screen,2
,PH810,,,97408121-81,,NO BRAND,Led Screen,2
,PH810,,,97408121-72,,NO BRAND,Led Screen,2
,PH810,,,97408121-73,,NO BRAND,Led Screen,2
,PH810,,,97408121-74,,NO BRAND,Led Screen,2
,PH810,,,97408121-71,,NO BRAND,Led Screen,2
,PH810,,,97408121-75,,NO BRAND,Led Screen,2
Laptop Charger Dell 19.5V 3.34A Circle Pin,,163.68,Liz,1960697-42,PObatch-373,Dell,Laptop Charger,2
Laptop Charger HP 19.5V 3.33A Blue Pin,TC1075,189.38,Liz,HP333B-245,PObatch-1229,HP,Laptop Charger,2
Laptop Charger Sony 10.5V 3.8A Yellow Tip,TC1075,175.53,Liz,SO38YT-153,PObatch-1024,SONY,Laptop Charger,2
Laptop Charger Dell 19.5V 3.34A Circle Pin,,163.68,Liz,1960697-47,PObatch-373,Dell,Laptop Charger,2
Laptop Charger Acer 19V 3.42A Yellow Pin,TC1075,149.84,Liz,AC342YP-328,LPO046,Acer,Laptop Charger,2
Laptop Charger Asus 19V 1.75A Small Pin Original,TC001,356.80,Liz,51360405-28,HQBUFF11,ASUS,Laptop Charger,2
Laptop Charger HP 19.5V 3.33A BLUE PIN,,158.22,Liz,5910346-496,PObatch-373,HP,Laptop Charger,2
Laptop Charger HP 3.33A Circle Pin,Old Stock,175.97,Liz,21967053-13,PObatch-427,HP,Laptop Charger,2
Laptop Charger Toshiba 4.74A Common Pin,,183.35,Liz,80699512-34,LPO004,Toshiba,Laptop Charger,2
Laptop Charger Asus 65W Type C Square,TC001,595.60,Liz,28435460-52,PObatch-1454,ASUS,Laptop Charger,2
Laptop Charger Asus 3.42A Common Pin Original,LPO-C48,332.73,Liz,06550979-39,LPO001,ASUS,Laptop Charger,2
Laptop Charger Acer 19V 3.42A Yellow Pin,TC1075,149.84,Liz,AC342YP-584,GH001,Acer,Laptop Charger,2
Laptop Charger Asus 19V 2.37A Small Pin,,141.86,Liz,9010398-75,PObatch-373,ASUS,Laptop Charger,2
Laptop Charger Acer 19V 3.42A Yellow Pin,TC1075,149.84,Liz,AC342YP-819,GH001,Acer,Laptop Charger,2
Laptop Charger Acer 19V 3.42A Micro Pin,TC1075,175.53,Liz,AC342M-1266,PObatch-1231,Acer,Laptop Charger,2
Laptop Charger Asus 3.42A Common Pin Original,LPO-C48,332.73,Liz,06550979-62,HQBUFF13,ASUS,Laptop Charger,2
Laptop Charger Acer 19V 3.42A Micro Pin,,141.86,Liz,5765640-603,PObatch-373,Acer,Laptop Charger,2
,,,,89139014-1,,Dell,Laptop Charger,2
,,,,02030721-3,,LENOVO,Laptop Charger,2
Laptop Charger Dell 19.5V 2.31A Circle Pin,SEBEZ005,159.62,Imports,84060505-38,LPO006,Dell,Laptop Charger,2
Laptop Charger Acer 19V 3.42A Micro Pin,,141.86,Liz,5765640-422,PObatch-373,Acer,Laptop Charger,2
Laptop Charger HP 19.5V 3.33A BLUE PIN,,158.22,Liz,5910346-204,PObatch-373,HP,Laptop Charger,2
,,,,47571968-4,,ASUS,Laptop Charger,2
Laptop Charger Asus 19V 2.37A Small Pin Original,,307.54,Liz,237SPO-197,PObatch-13,ASUS,Laptop Charger,2
Laptop Charger Toshiba 19V 2.37A Common Pin,TC1060,137.80,Liz,44324880-39,LPO004,Toshiba,Laptop Charger,2
Laptop Charger Lenovo 4.5A Gray Pin,Old Stock,182.30,Liz,66000392-31,HQBUFF13,Lenovo,Laptop Charger,2
Laptop Charger Asus 65W Type C Square,TC001,595.60,Liz,28435460-51,PObatch-1454,ASUS,Laptop Charger,2
Laptop Charger Acer 19V 3.42A Micro Pin,,141.86,Liz,5765640-434,PObatch-373,Acer,Laptop Charger,2
Laptop Charger Asus 19V 2.37A Small Pin,TC1075,1.00,Liz,AS237S-165,PObatch-972,ASUS,Laptop Charger,2
Laptop Charger Acer 19V 3.42A Micro Pin,,141.86,Liz,5765640-494,PObatch-373,Acer,Laptop Charger,2
Laptop Charger Lenovo 20V 3.25A Bullet Pin,,158.22,Liz,7648896-45,PObatch-373,Lenovo,Laptop Charger,2
Laptop Charger Asus 19V 2.37A Zenbook Pin Original,OLD STOCK,327.21,Liz,23556820-31,LPO003,ASUS,Laptop Charger,2
Laptop Charger Dell 19.5V 3.34 Circle Medium,,163.68,Liz,8529524-92,PObatch-373,Dell,Laptop Charger,2
Laptop Charger Dell 19.5V 3.34A Circle Pin,TC1075,166.44,Liz,DE334CP-82,LPO115,Dell,Laptop Charger,2
,,,,22944432-5,,HP,Laptop Charger,2
Laptop Charger Acer 19V 2.37A Micro Pin,,163.37,Liz,0922228-1065,PObatch-427,Acer,Laptop Charger,2
Laptop Charger HP 19.5V 3.33A BLUE PIN,,158.22,Liz,5910346-645,PObatch-373,HP,Laptop Charger,2
Laptop Charger Acer 19V 3.42A Micro Pin,,141.86,Liz,5765640-227,PObatch-373,Acer,Laptop Charger,2
Laptop Charger LPO Acer 3.42A Micro Pin original,LPO-C235,309.57,Liz,33782423-192,PObatch-1015,Acer,Laptop Charger,2
Laptop Charger LPO Acer 3.42A Micro Pin original,LPO-C235,309.57,Liz,33782423-187,PObatch-1015,Acer,Laptop Charger,2
Laptop Charger LPO Asus 3.42A Small Pin original,LPO-C235,336.21,Liz,10351631-144,PObatch-945,ASUS,Laptop Charger,2
Laptop Charger LPO HP 3.33A Blue Pin,LPO-C235,325.97,Liz,27577507-52,LPO003,HP,Laptop Charger,2
Laptop Charger LPO Acer 3.42A Micro Pin original,LPO-C235,309.57,Liz,33782423-201,PObatch-1015,Acer,Laptop Charger,2
Laptop Charger LPO Acer 3.42A Micro Pin original,LPO-C235,309.57,Liz,33782423-193,PObatch-1015,Acer,Laptop Charger,2
Laptop Charger LPO Acer 3.42A Micro Pin original,LPO-C235,309.57,Liz,33782423-181,PObatch-1015,Acer,Laptop Charger,2
Laptop Charger LPO Dell 2.31A Circle Medium original,LPO-C235,317.77,Liz,27138113-26,LPO007,Dell,Laptop Charger,2
Laptop Charger LPO Acer 3.42A Micro Pin original,LPO-C235,309.57,Liz,33782423-197,PObatch-1015,Acer,Laptop Charger,2
Laptop Charger LPO Acer 3.42A Micro Pin original,LPO-C235,309.57,Liz,33782423-200,PObatch-1015,Acer,Laptop Charger,2
Laptop Charger Asus 19V 3.42A Common Pin,,141.86,Liz,7430676-10,PObatch-373,ASUS,Laptop Charger,2
Laptop Charger LPO Asus 3.42A Small Pin original,LPO-C235,336.21,Liz,10351631-125,PObatch-945,ASUS,Laptop Charger,2
Laptop Charger LPO Acer 3.42A Micro Pin original,LPO-C235,309.57,Liz,33782423-183,PObatch-1015,Acer,Laptop Charger,2
,LPO-C235,,,27138113-39,,Dell,Laptop Charger,2
,TC001,,,86633198-2,,Lenovo,Laptop Charger,2
Laptop Battery Acer AP16M5J,LPO-C223,963.90,All Star,52562035-24,PObatch-1380,Acer,Laptop Battery,2
Laptop Battery HP BL06XL,C255,762.53,Kelly,08004348-3,HQBUFF1,HP,Laptop Battery,2
Laptop Battery Acer AP19B5L,Locals,1700.00,Mars,59974105-7,MIX #99,Acer,Laptop Battery,2
Laptop Battery Acer AS16A8K,TC1021,656.11,All Star,87978886-45,PObatch-646,Acer,Laptop Battery,2
Laptop Battery Acer AS16A8K,TC1021,656.11,All Star,87978886-41,PObatch-646,Acer,Laptop Battery,2
Laptop Battery Acer AS16A8K,TC1021,656.11,All Star,87978886-44,PObatch-646,Acer,Laptop Battery,2
Laptop Battery Acer AS16A8K,TC1021,656.11,All Star,87978886-46,PObatch-646,Acer,Laptop Battery,2
Laptop Battery Acer AS16A8K,TC1021,656.11,All Star,87978886-47,PObatch-646,Acer,Laptop Battery,2
Laptop Battery Acer AS16A8K,TC1021,656.11,All Star,87978886-49,PObatch-646,Acer,Laptop Battery,2
Laptop Charger Asus 19V 2.37A Zenbook Pin Original,OLD STOCK,327.21,Liz,23556820-36,LPO003,ASUS,Laptop Charger,2
Laptop Charger Asus 19V 3.42A Small Pin,,163.37,Liz,2191264-293,PObatch-471,ASUS,Laptop Charger,2
Laptop Charger Asus 19V 2.37A Male Pin,,163.37,Liz,7670493-67,PObatch-412,ASUS,Laptop Charger,2
Laptop Charger Asus 19V 2.37A Male Pin,TC1075,250.00,Mars,AS237MP-9,PObatch-94,ASUS,Laptop Charger,2
Laptop Charger Asus 19V 2.37A Zenbook Pin Original,,327.21,Liz,31842905-2,HQBUFF13,ASUS,Laptop Charger,2
Laptop Charger HP 19.5V 2.31A Blue Pin,TC1060,189.38,Liz,86301302-457,PObatch-1282,HP,Laptop Charger,2
Laptop Charger LPO Asus 3.42A Small Pin original,LPO-C235,336.21,Liz,10351631-120,PObatch-945,ASUS,Laptop Charger,2
,Old Stock,,,55246203-29,,HP,Laptop Charger,2
,Imports,,,84691471-83,,Asus,Laptop Charger,2
,,,,81505285-29,,LENOVO,Laptop Charger,2
,Old Stock,,,55246203-14,,HP,Laptop Charger,2
,Old Stock,,,68105692-6,,Asus,Laptop Charger,2
Laptop Battery Asus B41N1711,TC1057,1054.74,All Star,52088403-9,HQBUFF3,ASUS,Laptop Battery,2
Laptop Charger Asus 19V 2.37A Small Pin Original,,322.97,Liz,9745549-45,PObatch-471,ASUS,Laptop Charger,2
Laptop Charger HP 19.5V 4.62A Blue Pin,LPO-C246,210.83,Liz,81186222-28,LPO004,HP,Laptop Charger,2
Laptop Charger Magsafe 1 45W L Style,,850.00,Jst,80734700-2,PObatch-405,Macbook,Laptop Charger,2
Laptop Battery Acer AP16M5J,LPO-C223,963.90,All Star,52562035-32,PObatch-1380,Acer,Laptop Battery,2
Laptop battery Acer AS16A5K,LPO-C50,656.11,All Star,22949642-29,PObatch-646,Acer,Laptop Battery,2
Laptop battery Acer AS16A5K,LPO-C50,656.11,All Star,22949642-50,PObatch-646,Acer,Laptop Battery,2
Laptop Charger Acer 19V 3.42A Micro Pin,TC1032,158.01,Liz,13694284-790,HQBUFF3,Acer,Laptop Charger,2
Laptop Charger Dell 19.5V 4.62A Circle Pin Original,Old Stock,607.67,Liz,47067192-30,HQBUFF13,Dell,Laptop Charger,2
Laptop Charger HP 19.5V 3.33A Blue Pin,,162.29,Liz,333BP-132,PObatch-13,HP,Laptop Charger,2
Laptop Charger LPO Asus 2.37A Small Pin original,LPO-C235,378.61,Liz,31136446-187,PObatch-1039,ASUS,Laptop Charger,2
,Old Stock,,,47067192-27,,Dell,Laptop Charger,2
Laptop Charger Dell 19V 1.58A Yellow Pin,OLD STOCK,154.89,Liz,17114446-22,LPO52,Dell,Laptop Charger,2
Laptop Charger Acer 1.58A Common Pin,OLD STOCK,280.00,Liz,10976392-19,LPO52,Acer,Laptop Charger,2
,,,,81505285-99,,LENOVO,Laptop Charger,2
,Old Stock,,,47067192-11,,Dell,Laptop Charger,2
Laptop Charger Acer 19V 2.37A Blue Pin,,141.86,Liz,6570410-91,PObatch-373,Acer,Laptop Charger,2
Laptop Charger HP 4.74A Bullet Pin,,182.30,Liz,03641959-28,LPO52,HP,Laptop Charger,2
,Old Stock,,,55246203-44,,HP,Laptop Charger,2
Laptop Charger Dell 19.5V 2.31A Circle Pin,Old Stock,135.00,Liz,36582549-17,LPO52,Dell,Laptop Charger,2
,LPO-C30,,,82071177-113,,HP,Laptop Charger,2
,Old Stock,,,57309359-3,,NO BRAND,Cables,2
,Locals,,,840G5-1,,HP,Laptop Keyboard,2
,,,,56534523-3,,Toshiba,Laptop Keyboard,2
Laptop Keyboard Lenovo 110-14ISK,,188.22,Imports,81938744-17,LPO047,Lenovo,Laptop Keyboard,2
Cellphone Battery Realme 5 Pro (BLP731),LPO-C249,347.53,Imports,63975349-55,PObatch-1455,REALME,Cellphone Battery,2
Cellphone Battery Huawei Mate 10 (HB436486ECW),,217.17,Imports,64454882-8,PObatch-807,huawei,Cellphone Battery,2
Cellphone Battery Samsung S8 2017 EB-BG950ABE,locals,217.17,Imports,12620688-7,PObatch-807,Samsung,Cellphone Battery,2
Cellphone Battery Vivo Y51 (B-O8),,221.32,Imports,CBBO8-57,PObatch-807,VIVO,Cellphone Battery,2
Cellphone Battery Samsung S8 2017 EB-BG950ABE,locals,217.17,Imports,12620688-8,PObatch-807,Samsung,Cellphone Battery,2
Cellphone Battery Samsung S8 2017 EB-BG950ABE,locals,217.17,Imports,12620688-9,PObatch-807,Samsung,Cellphone Battery,2
Cellphone Battery Xiaomi Redmi Note 8 Pro (BM4J),,204.71,Imports,CBM4J-186,PObatch-807,xiaomi,Cellphone Battery,2
Cellphone Battery Huawei Mate 10 (HB436486ECW),,217.17,Imports,64454882-9,PObatch-807,huawei,Cellphone Battery,2
Cellphone Battery Xiaomi Redmi Note 8 Pro (BM4J),,204.71,Imports,CBM4J-187,PObatch-807,xiaomi,Cellphone Battery,2
Cellphone Battery Xiaomi Redmi Note 8 Pro (BM4J),,204.71,Imports,CBM4J-185,PObatch-807,xiaomi,Cellphone Battery,2
Cellphone Battery Realme 5 Pro (BLP731),LPO-C249,347.53,Imports,63975349-56,PObatch-1455,REALME,Cellphone Battery,2
Cellphone Battery OPPO A9 (BLP709),OLD STOCK,206.00,Imports,63686473-25,HQBUFF20,oppo,Cellphone Battery,2
Laptop Charger HP 2.05A Bullet Small,Old Stock,137.42,Liz,47693706-14,HQBUFF3,HP,Laptop Charger,2
,,,,64272442-41,,APPLE,Cellphone Battery,2
Cellphone Battery IPHONE 5S,,179.61,Imports,64272442-112,HQBUFF20,Apple,Cellphone Battery,2
Laptop Charger Acer 1.58A Common Pin,OLD STOCK,280.00,Liz,10976392-18,LPO52,Acer,Laptop Charger,2
Laptop Charger Sony 3.9A Circle Pin,Old Stock,172.95,Liz,86743969-102,HQBUFF11,SONY,Laptop Charger,2
,Old Stock,,,23772961-64,,LENOVO,Laptop Charger,2
Laptop Charger Sony 16V 4A Circle Pin,,154.25,Liz,26836163-20,HQBUFF13,SONY,Laptop Charger,2
,Old Stock,,,55155251-25,,SONY,Laptop Charger,2
Laptop Charger Asus 1.58A Micro Pin,Old Stock,143.22,Liz,82296226-69,HQBUFF3,ASUS,Laptop Charger,2
Laptop Charger Asus 11.8A Common Pin,,645.00,Liz,52874430-9,HQBUFF13,ASUS,Laptop Charger,2
Laptop Battery Asus B31N1707,,828.15,Kelly,06297219-10,HQBUFF5,ASUS,Laptop Battery,2
Laptop Battery Acer AP13B3K,LPO-C223,791.52,Kelly,22954312-15,HQBUFF5,Acer,Laptop Battery,2
Laptop Battery Dell F62G0,LPO-C223,865.34,All Star,99664879-62,PObatch-646,Dell,Laptop Battery,2
Laptop Battery Acer AC14B8K,LPO-C50,784.75,Kelly,94648078-35,HQBUFF3,Acer,Laptop Battery,2
Laptop Charger Sony 3.9A Circle Pin,Old Stock,172.95,Liz,86743969-103,HQBUFF11,SONY,Laptop Charger,2
Laptop Charger Asus 19V 3.42A Small Pin original,TC001,348.30,Liz,72875447-463,HQBUFF13,ASUS,Laptop Charger,2
,,,,69046547-1,,ASUS,Laptop Charger,2
,OLD STOCK,,,92946875-3,,Huawei,Cellphone Battery,2
,OLD STOCK,,,92946875-72,,Huawei,Cellphone Battery,2
,OLD STOCK,,,92946875-80,,Huawei,Cellphone Battery,2
,OLD STOCK,,,92946875-77,,Huawei,Cellphone Battery,2
,OLD STOCK,,,92946875-71,,Huawei,Cellphone Battery,2
,OLD STOCK,,,92946875-53,,Huawei,Cellphone Battery,2
,OLD STOCK,,,92946875-91,,Huawei,Cellphone Battery,2
,OLD STOCK,,,92946875-92,,Huawei,Cellphone Battery,2
,OLD STOCK,,,92946875-6,,Huawei,Cellphone Battery,2
,OLD STOCK,,,92946875-69,,Huawei,Cellphone Battery,2
,OLD STOCK,,,92946875-81,,Huawei,Cellphone Battery,2
,OLD STOCK,,,92946875-84,,Huawei,Cellphone Battery,2
,OLD STOCK,,,92946875-62,,Huawei,Cellphone Battery,2
,OLD STOCK,,,92946875-65,,Huawei,Cellphone Battery,2
,OLD STOCK,,,92946875-17,,Huawei,Cellphone Battery,2
,OLD STOCK,,,92946875-18,,Huawei,Cellphone Battery,2
,OLD STOCK,,,92946875-49,,Huawei,Cellphone Battery,2
,OLD STOCK,,,92946875-45,,Huawei,Cellphone Battery,2
,OLD STOCK,,,92946875-20,,Huawei,Cellphone Battery,2
Laptop Battery Dell YFDF9,,1500.00,Syy,44969315-3,HQBUFF3,Dell,Laptop Battery,2
,,,,76272413-4,,MSI,Laptop Charger,2
,,,,37659674-1,,Lenovo,Laptop Charger,2
Laptop Battery HP MO06,,385.14,Kina,38586466-34,HQBUFF4,HP,Laptop Battery,2
Laptop Battery ACER AC14B18J,TC1021,809.01,All Star,75105771-28,PObatch-646,Acer,Laptop Battery,2
Laptop Charger HP 2.31A Blue Pin,LPO-C246,189.58,Liz,24944242-477,HQBUFF13,HP,Laptop Charger,2
Laptop Battery HP MO06,,385.14,Kina,38586466-20,HQBUFF1,HP,Laptop Battery,2
Laptop Battery MSI SQU 528,,410.78,Kina,31248901-1,HQBUFF4,MSI,Laptop Battery,2
Laptop Battery Lenovo G460,LPO-C238,454.17,Kina,68116140-19,HQBUFF4,Lenovo,Laptop Battery,2
Laptop Battery HP MO06,,385.14,Kina,96335754-31,HQBUFF4,HP,Laptop Battery,2
Laptop Battery HP CA06,,728.54,All Star,07287670-35,PObatch-646,HP,Laptop Battery,2
Laptop Battery HP MO06,,385.14,Kina,38586466-23,HQBUFF1,HP,Laptop Battery,2
,TC001,,,28435460-29,,Asus,Laptop Charger,2
Laptop Charger Acer 19V 2.37A Micro Pin,,141.86,Liz,0922228-676,PObatch-373,Acer,Laptop Charger,2
Laptop Charger HP 19.5V 2.31A Blue Pin,,175.97,Liz,1833972-839,PObatch-427,HP,Laptop Charger,2
Laptop Charger Samsung 2.1A Common Pin,,135.56,Liz,44304291-65,LPO004,Samsung,Laptop Charger,2
Laptop Charger Dell 19.5V 4.62A Circle Pin,TC1016,190.33,Liz,35603241-1,LPO002,Dell,Laptop Charger,2
Laptop Charger Asus 19V 2.37A Small Pin Original,,322.97,Liz,9745549-121,PObatch-471,ASUS,Laptop Charger,2
Laptop Charger Acer 19V 2.37A Micro Pin,,141.86,Liz,0922228-835,PObatch-373,Acer,Laptop Charger,2
Laptop Charger Asus 19V 2.37A Male Pin,,163.37,Liz,7670493-81,PObatch-412,ASUS,Laptop Charger,2
Laptop Charger Lenovo 20V 2.25A Bullet Pin Original,,324.14,Liz,225BO-164,PObatch-13,Lenovo,Laptop Charger,2
Laptop Charger Lenovo 45W Type C Desktop,LPO-C30,371.20,Liz,74471860-86,LPO006,Lenovo,Laptop Charger,2
,,,,01759664-31,,Macbook,Laptop Charger,2
Laptop Charger Acer 19V 2.37A Blue Pin,,141.86,Liz,6570410-124,PObatch-373,Acer,Laptop Charger,2
,LPO-C223,,,26305611-9,,LENOVO,Laptop Charger,2
Laptop Charger HP Printer 32V,Old Stock,758.25,Liz,55246203-18,LPO003,HP,Laptop Charger,2
,,,,55720143-36,,HP,Laptop Charger,2
Laptop Charger Lenovo 45W Type C Square Type,LPO-C223,350.80,Liz,62682504-8,HQBUFF3,Lenovo,Laptop Charger,2
,,,,81505285-41,,LENOVO,Laptop Charger,2
Laptop Charger Samsung 2.1A Common Pin,,135.56,Liz,44304291-39,HQBUFF14,Samsung,Laptop Charger,2
Laptop Charger Lenovo 45W Type C Square Type,LPO-C223,350.80,Liz,62682504-45,HQBUFF3,Lenovo,Laptop Charger,2
Laptop Charger Lenovo 45W Type C Square Type,LPO-C223,350.80,Liz,62682504-44,HQBUFF3,Lenovo,Laptop Charger,2
Laptop Charger Lenovo 45W Type C Square Type,LPO-C223,350.80,Liz,62682504-46,HQBUFF3,Lenovo,Laptop Charger,2
Laptop Charger Lenovo 4.5A Gray Pin,Old Stock,182.30,Liz,66000392-21,HQBUFF20,Lenovo,Laptop Charger,2
Laptop Charger Acer 19V 3.42A Micro Pin,TC1032,158.01,Liz,13694284-258,HQBUFF3,Acer,Laptop Charger,2
Laptop Charger Microsoft Surface 12V 2.58A,Old Stock,552.94,Liz,07397751-37,HQBUFF11,Microsoft,Laptop Charger,2
Laptop Charger Lenovo 20V 3.25A Bullet Pin Original,TC1075,356.57,Liz,LE325BO-541,PObatch-471,Lenovo,Laptop Charger,2
Laptop Charger HP 19.5V 2.31A Blue Pin,,158.22,Liz,1833972-612,PObatch-373,HP,Laptop Charger,2
Laptop Charger Acer 19V 2.37A Blue Pin,,141.86,Liz,6570410-322,PObatch-373,Acer,Laptop Charger,2
Laptop Charger Acer 19V 2.37A Micro Pin,,141.86,Liz,0922228-709,PObatch-373,Acer,Laptop Charger,2
Laptop Charger Acer 19V 2.37A Blue Pin,,141.86,Liz,6570410-196,PObatch-373,Acer,Laptop Charger,2
Laptop Charger Lenovo 20V 3.25A Bullet Pin Original,TC1075,340.74,Liz,LE325BO-249,LPO046,Lenovo,Laptop Charger,2
Laptop Charger HP 19.5V 3.33A BLUE PIN,,158.22,Liz,5910346-641,PObatch-373,HP,Laptop Charger,2
Laptop Charger HP 19.5V 2.31A Blue Pin,,158.22,Liz,1833972-610,PObatch-373,HP,Laptop Charger,2
Laptop Charger Dell 19.5V 3.34 Circle Medium,,163.68,Liz,8529524-102,PObatch-373,Dell,Laptop Charger,2
Laptop Charger Asus 19V 3.42A Small Pin,IMPORTS,172.06,Liz,AS342S-428,PObatch-1454,ASUS,Laptop Charger,2
Laptop Charger Acer 19V 3.42A Yellow Pin,TC1075,149.84,Liz,AC342YP-674,GH001,Acer,Laptop Charger,2
Laptop Charger Acer 19V 2.37A Blue Pin,,141.86,Liz,6570410-199,PObatch-373,Acer,Laptop Charger,2
Laptop Charger Asus 3.42A Common Pin Original,LPO-C48,332.73,Liz,06550979-36,LPO004,ASUS,Laptop Charger,2
Laptop Charger Acer 19V 3.42A Yellow Pin,TC1075,149.84,Liz,AC342YP-755,GH001,Acer,Laptop Charger,2
Laptop Charger HP 19.5V 2.31A Blue Pin,,175.97,Liz,1833972-825,PObatch-427,HP,Laptop Charger,2
Laptop Charger Acer 19V 2.37A Micro Pin,,163.37,Liz,0922228-2491,PObatch-427,Acer,Laptop Charger,2
Laptop Charger Acer 19V 2.37A Blue Pin,,141.86,Liz,6570410-338,PObatch-373,Acer,Laptop Charger,2
Led Screen 11.6 30 Pins Slim Type Up and Down HD,,778.89,All Star,76022323-14,LPO048,No Brand,Led Screen,2
,TC1018,,,55398177-46,,No Brand,Led Screen,2
,LPO-C223,,,17154941-105,,NO BRAND,Led Screen,2
Led Screen 15.6 30 Pins Borderless HD,TC1031,1.00,All Star,05437575-76,PObatch-648,No Brand,Led Screen,2
Led Screen 15.6 40 Pins Borderless FHD 144HZ,,2227.59,All Star,12742178-36,GENTOCT,No Brand,Led Screen,2
,,,,86972020-22,,NO BRAND,Led Screen,2
Laptop Charger Acer 19V 2.37A Micro Pin,,163.37,Liz,0922228-1790,PObatch-427,Acer,Laptop Charger,2
Laptop Charger Acer 19V 2.37A Micro Pin,,141.86,Liz,0922228-357,PObatch-373,Acer,Laptop Charger,2
Laptop Charger LPO Acer 3.42A Micro Pin original,LPO-C235,309.57,Liz,33782423-145,HQBUFF14,Acer,Laptop Charger,2
,Old Stock,,,7397751-10,,Microsoft,Laptop Charger,2
Laptop Charger LPO Acer 19V 3.42A Yellow Pin original,LPO-C235,309.57,Liz,99976184-160,HQBUFF13,Acer,Laptop Charger,2
Laptop Charger Acer 19V 3.42A Micro Pin,TC1075,175.53,Liz,AC342M-1293,PObatch-1353,Acer,Laptop Charger,2
Laptop Charger Acer 19V 2.37A Blue Pin,,141.86,Liz,6570410-519,PObatch-373,Acer,Laptop Charger,2
Laptop Charger Asus 19V 1.75A Micro USB,,300.96,Liz,74484652-1,HQBUFF3,ASUS,Laptop Charger,2
Laptop Charger Lenovo 4.74A Common Pin,SEBEZ003,167.89,Liz,86655561-41,LPO52,Lenovo,Laptop Charger,2
Laptop Charger HP 19.5V 2.31A Blue Pin,TC1060,189.38,Liz,86301302-420,PObatch-1282,HP,Laptop Charger,2
Laptop Charger HP 19.5V 3.33A BLUE PIN,,158.22,Liz,5910346-569,PObatch-373,HP,Laptop Charger,2
Laptop Charger HP 19.5V 2.31A Blue Pin,,175.97,Liz,1833972-890,PObatch-427,HP,Laptop Charger,2
Laptop Charger LPO Acer 19V 3.42A Yellow Pin original,LPO-C235,309.57,Liz,99976184-171,HQBUFF13,Acer,Laptop Charger,2
Laptop Charger Acer 19V 2.37A Micro Pin,,163.37,Liz,0922228-1981,PObatch-427,Acer,Laptop Charger,2
Laptop Charger HP Printer 22V,,215.02,Liz,17414596-57,LPO003,HP,Laptop Charger,2
,LPO-C235,,,00292769-178,,ASUS,Laptop Charger,2
,LPO-C235,,,00292769-151,,ASUS,Laptop Charger,2
Laptop Charger HP 4.74A Circle Pin,LPO-C30,170.93,Liz,82071177-103,HQBUFF13,HP,Laptop Charger,2
Laptop Charger HP 19.5V 2.31A Blue Pin,,175.97,Liz,1833972-733,PObatch-427,HP,Laptop Charger,2
Laptop Charger HP 19.5V 2.31A Blue Pin,,175.97,Liz,1833972-719,PObatch-427,HP,Laptop Charger,2
Laptop Charger HP 19.5V 3.33A Circle Pin,,250.00,Mars,HP333CP-6,PObatch-1007,HP,Laptop Charger,5
Laptop Charger HP 19.5V 2.31A Blue Pin,,175.97,Liz,1833972-735,PObatch-427,HP,Laptop Charger,2
Laptop Charger Acer 19V 2.37A Blue Pin,,163.37,Liz,6570410-1116,PObatch-427,Acer,Laptop Charger,2
,TC1075,,,HP231B-101,,HP,Laptop Charger,2
Laptop Battery HP HT03XL,,744.63,All Star,LBHT03-178,PObatch-646,HP,Laptop Battery,2
Laptop Charger HP 19.5V 2.31A Blue Pin,TC1075,189.38,Liz,HP231B-1017,PObatch-1160,HP,Laptop Charger,2
Laptop Charger Dell 4.62A Circle Medium,SEBEZ005,201.00,Liz,62426043-29,LPO001,Dell,Laptop Charger,2
Laptop Charger HP 19.5V 2.31A Blue Pin,,175.97,Liz,1833972-879,PObatch-427,HP,Laptop Charger,2
Laptop Charger Acer 19V 2.37A Micro Pin,TC1075,175.53,Liz,AC237M-1369,PObatch-1305,Acer,Laptop Charger,2
Laptop Charger Acer 19V 3.42A Micro Pin,TC1075,175.53,Liz,AC342M-1253,PObatch-1231,Acer,Laptop Charger,2
Laptop Charger Acer 19V 2.37A Blue Pin,,141.86,Liz,6570410-500,PObatch-373,Acer,Laptop Charger,2
Laptop Charger Acer 19V 2.37A Blue Pin,,141.86,Liz,6570410-464,PObatch-373,Acer,Laptop Charger,2
Cellphone Battery Oppo A5 2020 (BLP727),,254.55,Imports,CB727-143,PObatch-807,oppo,Cellphone Battery,2
,Locals,,,7997128-1,,Infinix,Cellphone Battery,2
Cellphone Battery OPPO A9 (BLP709),OLD STOCK,206.00,Imports,63686473-32,LPO007,oppo,Cellphone Battery,2
,,,,17166517-22,,Samsung,Cellphone Battery,2
,,,,17166517-18,,Samsung,Cellphone Battery,2
,,,,17166517-16,,Samsung,Cellphone Battery,2
,,,,17166517-19,,Samsung,Cellphone Battery,2
,,,,17166517-11,,Samsung,Cellphone Battery,2
Cellphone Battery Samsung M31(EB-BM317ABY),,237.03,Imports,15929271-3,HQBUFF20,Samsung,Cellphone Battery,2
Cellphone Battery Oppo A71(BLP641),OLD STOCK,300.00,Imports,84009638-9,HQBUFF20,oppo,Cellphone Battery,2
,LPO-C26,,,37888245-35,,OPPO,Cellphone Battery,2
,,,,17166517-9,,Samsung,Cellphone Battery,2
Cellphone Battery OPPO A37 (BLP615),,150.00,Imports,35468488-33,HQBUFF20,oppo,Cellphone Battery,2
Cellphone Battery VIVO Y91(B-F3),,300.00,Bea Ke,51189303-13,PObatch-1373,VIVO,Cellphone Battery,2
Cellphone Battery IPHONE 5S,,179.61,Imports,64272442-3,HQBUFF19,Apple,Cellphone Battery,2
Cellphone Battery IPHONE 5S,,179.61,Imports,64272442-21,HQBUFF19,Apple,Cellphone Battery,2
Cellphone Battery IPHONE 5S,,179.61,Imports,64272442-88,HQBUFF19,Apple,Cellphone Battery,2
Cellphone Battery iPhone 6S Plus,,194.19,Imports,59379059-17,LPO007,Apple,Cellphone Battery,2
Cellphone Battery IPHONE 5S,,179.61,Imports,64272442-46,HQBUFF19,Apple,Cellphone Battery,2
Cellphone Battery IPHONE 5S,,179.61,Imports,64272442-131,HQBUFF19,Apple,Cellphone Battery,2
Cellphone Battery IPHONE 5S,,179.61,Imports,64272442-48,HQBUFF19,Apple,Cellphone Battery,2
,,,,64272442-70,,APPLE,Cellphone Battery,2
Cellphone Battery IPHONE 5S,,179.61,Imports,64272442-105,HQBUFF19,Apple,Cellphone Battery,2
,LPO-C29,,,97220272-4,,Oppo,Cellphone Lcd,2
,Locals,,,1552899-1,,samsung,Cellphone LCD,2
,Locals,,,14975497-1,,Oppo,Cellphone LCD,2
,LPO-C248,,,29309004-3,,Samsung,Cellphone LCD,2
,LPO-C248,,,30941596-47,,VIVO,cellphone LCD,2
,LOCALS,,,85038852-4,,Realme,Cellphone LCD,2
,Locals,,,CPLS7PRO-1,,Techno,Cellphone LCD,2
Cellphone LCD Huawei Y9 2019,LPO-C09,674.24,Imports,88798977-8,HQBUFF20,huawei,Cellphone Lcd,2
Cellphone Battery Xiaomi Poco F5 Pro (BM5N),,400.00,Bea Ke,5608206-2,PObatch-600,xiaomi,Cellphone Battery,2
Cellphone Battery Oppo A12 2020 (BLP673),,264.61,Imports,CB673-26,PObatch-482,oppo,Cellphone Battery,2
Cellphone Battery Huawei Y8P (HB426489EEW),LPO-C249,199.70,Imports,58152813-30,HQBUFF002,huawei,Cellphone Battery,2
,LPO-C248,,,84496066-30,,Vivo,Cellphone Battery,2
Cellphone Battery Huawei Honor 8x (HB386590ECW),LPO-C249,175.49,Imports,49626757-32,LPO006,huawei,Cellphone Battery,2
Cellphone Battery Huawei Honor 8x (HB386590ECW),LPO-C249,175.49,Imports,49626757-33,LPO006,huawei,Cellphone Battery,2
,LPO-C249,,,36411258-6,,Vivo,Cellphone Battery,2
Cellphone Battery Asus Zenfone 3 Max ZC553KL (C11P1609),LPO-C249,215.84,Imports,30197336-16,HQBUFF001,ASUS,Cellphone Battery,2
Cellphone Battery Vivo V11i (B-E8),TC1040,202.10,Imports,12460846-26,HQBUFF001,VIVO,Cellphone Battery,2
Cellphone Battery Xiaomi Mi 8 (BM3E),LOCALS,183.56,Imports,39275358-43,LPO007,xiaomi,Cellphone Battery,2
,LPO-C248,,,84496066-29,,Vivo,Cellphone Battery,2
Cellphone Battery Realme 8i (BLP877),,217.17,Imports,CB877-58,PObatch-807,real me,Cellphone Battery,2
Cellphone Battery Oppo F9 (BLP681),,264.61,Imports,CB681-47,PObatch-482,oppo,Cellphone Battery,2
Cellphone Battery Vivo V15 2019 (B-G2),,300.00,Bea Ke,CBBG2-43,PObatch-507,VIVO,Cellphone Battery,2
Laptop Charger Microsoft Surface Pro 12V 3.6A,OLD STOCK,617.02,Liz,82841274-33,OLGP001,Microsoft,Laptop Charger,2
Laptop Charger Lenovo 4.5A Gray Pin,SEBEZ004,175.69,Liz,10414876-16,HQBUFF3,Lenovo,Laptop Charger,2
Laptop Charger Sony 12V 2A Circle Pin,,195.77,Liz,46145021-3,HQBUFF3,SONY,Laptop Charger,2
Cellphone Battery Vivo S1 Pro (B-K3),,255.65,Imports,CBBK3-115,PObatch-482,VIVO,Cellphone Battery,2
Cellphone Battery Xiaomi Mi Max 3 2018 (BM51),LPO-C248,256.20,Imports,42026921-22,HQBUFF001,xiaomi,Cellphone Battery,2
Cellphone Battery Xiaomi Mi Max 3 2018 (BM51),LPO-C248,256.20,Imports,42026921-5,HQBUFF001,xiaomi,Cellphone Battery,2
Cellphone LCD Asus Zenfone Max Pro M2,LPO-C50,553.15,Imports,21207983-25,LPO016,ASUS,Cellphone Lcd,2
CellPhone LCD Xiaomi Poco F4 GT,LPO-C248,750.00,Bea Ke,75719401-11,PObatch-223,xiaomi,Cellphone Lcd,2
Cellphone LCD Vivo Y55,LPO-C248,411.65,Imports,52771162-9,LPO048,VIVO,Cellphone Lcd,2
Cellphone LCD Samsung A51,LPO-C248,463.34,Imports,80213948-8,LPO007,Samsung,Cellphone Lcd,2
Cellphone LCD Realme 5 Pro,TC1040,333.30,Imports,98688776-4,LPO52,REALME,Cellphone Lcd,2
Cellphone LCD Asus Zenfone Max Pro M2,LPO-C50,553.15,Imports,21207983-29,LPO048,ASUS,Cellphone Lcd,2
Cellphone LCD Infinix Hot 11s,LPO-C248,637.62,Imports,82226098-10,LPO007,INFINIX,Cellphone Lcd,2
Cellphone LCD Tecno Camon 18,,600.00,Syy,1437062-2,LPO006,TECNO,Cellphone Lcd,2
Cellphone LCD Vivo Y55,LPO-C248,411.65,Imports,52771162-5,LPO001,VIVO,Cellphone Lcd,2
Cellphone LCD Samsung A11 original without frame,LPO-C29,519.43,Imports,33279589-4,LPO007,Samsung,Cellphone Lcd,2
Cellphone LCD Infinix Hot 11s,TC1040,448.10,Imports,91840210-8,LPO52,INFINIX,Cellphone Lcd,2
Cellphone Lcd Tecno Spark 6 Go,LPO-C248,476.21,Imports,52286716-13,LPO048,TECNO,Cellphone Lcd,2
Cellphone LCD OPPO A5S,LPO-C248,460.07,Imports,91964557-5,LPO048,oppo,Cellphone Lcd,2
Cellphone LCD Samsung A6 Plus,LPO-C248,447.20,Imports,49235377-8,LPO007,Samsung,Cellphone Lcd,2
Cellphone LCD OPPO A5S,LPO-C248,460.07,Imports,91964557-20,LPO048,oppo,Cellphone Lcd,2
Cellphone LCD Realme C21Y,LPO-C29,365.83,Imports,78159665-6,LPO007,REALME,Cellphone Lcd,2
Cellphone LCD Oppo A73 5G,LOCALS,750.00,Bea Ke,59640664-4,LPO006,oppo,Cellphone Lcd,2
Cellphone LCD Xiaomi Redmi Note 8,LPO-C29,337.96,Imports,76363884-3,LPO007,xiaomi,Cellphone Lcd,2
Cellphone LCD Realme 5 Pro,LPO-C248,476.21,Imports,37121020-5,LPO52,REALME,Cellphone Lcd,2
Cellphone LCD Vivo Y93,LPO-C248,366.49,Imports,30673430-1,LPO005,VIVO,Cellphone Lcd,2
Cellphone LCD Realme 8 4G,TC1040,357.90,Imports,57341184-15,LPO52,REALME,Cellphone Lcd,2
Cellphone LCD Samsung A9 2018,LPO-C248,1343.11,Imports,38979002-4,LPO001,Samsung,Cellphone Lcd,2
CellPhone LCD Samsung A7 2018,LPO-C248,508.49,Imports,75494238-15,LPO005,Samsung,Cellphone Lcd,2
,OLD STOCK,,,94064066-2,,OPPO,Cellphone Battery,2
,OLD STOCK,,,94064066-8,,OPPO,Cellphone Battery,2
,OLD STOCK,,,94064066-7,,OPPO,Cellphone Battery,2
,OLD STOCK,,,94064066-3,,OPPO,Cellphone Battery,2
,OLD STOCK,,,94064066-17,,OPPO,Cellphone Battery,2
,Old Stock,,,64695908-38,,Vivo,Cellphone Battery,2
,Old Stock,,,64695908-23,,Vivo,Cellphone Battery,2
,Old Stock,,,64695908-22,,Vivo,Cellphone Battery,2
,Old Stock,,,64695908-37,,Vivo,Cellphone Battery,2
,Old Stock,,,64695908-39,,Vivo,Cellphone Battery,2
,Old Stock,,,64695908-35,,Vivo,Cellphone Battery,2
,Old Stock,,,64695908-25,,Vivo,Cellphone Battery,2
,Old Stock,,,64695908-29,,Vivo,Cellphone Battery,2
,Old Stock,,,64695908-26,,Vivo,Cellphone Battery,2
,Old Stock,,,64695908-28,,Vivo,Cellphone Battery,2
,Old Stock,,,64695908-33,,Vivo,Cellphone Battery,2
,Old Stock,,,64695908-27,,Vivo,Cellphone Battery,2
,Old Stock,,,64695908-40,,Vivo,Cellphone Battery,2
Cellphone Battery Vivo Y71 (B-E1),Old Stock,194.19,Imports,64695908-14,LPO006,VIVO,Cellphone Battery,2
,Old Stock,,,64695908-32,,Vivo,Cellphone Battery,2
Cellphone Battery Samsung S8 2017 (EB-BG950),,300.00,Syy,CBG950-19,PObatch-1218,Samsung,Cellphone Battery,2
Cellphone Battery Tecno Spark 8 Pro (BL-49JT),,300.00,Bea Ke,CB49JT-7,PObatch-1331,Techno,Cellphone Battery,2
Cellphone Battery IPHONE 5S,,179.61,Imports,64272442-59,HQBUFF19,Apple,Cellphone Battery,2
Cellphone Battery Huawei Honor 8x (HB386590ECW),LPO-C249,175.49,Imports,49626757-31,LPO006,huawei,Cellphone Battery,2
Cellphone Battery OPPO F11(BLP707),,300.00,Bea Ke,81843112-14,PObatch-1196,oppo,Cellphone Battery,2
Cellphone Battery IPHONE 5S,,179.61,Imports,64272442-40,HQBUFF20,Apple,Cellphone Battery,2
Cellphone Battery Vivo V7(B-D5),LPO-C249,191.63,Imports,74051740-76,HQBUFF19,VIVO,Cellphone Battery,2
,,,,38013439-8,,INFINIX,Cellphone Battery,2
Cellphone Battery Tecno Spark 7(BL-58CT),LOCALS,300.00,Bea Ke,92407022-5,LPO006,TECNO,Cellphone Battery,2
Cellphone Battery Iphone X,OLD STOCK,302.33,Imports,21537954-8,LPO007,Apple,Cellphone Battery,2
Cellphone Battery Redmi Note 9T (BM54),LOCALS,350.00,Bea Ke,92239530-5,LPO006,xiaomi,Cellphone Battery,2
Cellphone Battery Vivo V11 Pro(B-F0),LOCALS,300.00,Bea Ke,89148608-27,LPO006,VIVO,Cellphone Battery,2
,,,,17166517-15,,Samsung,Cellphone Battery,2
Led Screen 15.6 30 Pins Borderless HD,TC1031,1329.18,All Star,05437575-23,LPO048,No Brand,Led Screen,2
Led Screen 11.6 30 Pins Slim Up and Down HD,,1610.79,All Star,73549070-9,LPO004,No Brand,Led Screen,2
,,,,83980320-75,,NO BRAND,Led Screen,2
,,,,24292916-10,,NO BRAND,Led Screen,2
,,,,24292916-14,,NO BRAND,Led Screen,2
,,,,76725222-42,,NO BRAND,Led Screen,2
,,,,76725222-46,,NO BRAND,Led Screen,2
,,,,76725222-45,,NO BRAND,Led Screen,2
,,,,76725222-43,,NO BRAND,Led Screen,2
,,,,76725222-44,,NO BRAND,Led Screen,2
,,,,76725222-47,,NO BRAND,Led Screen,2
,,,,76725222-41,,NO BRAND,Led Screen,2
,TC1057,,,66693136-46,,NO BRAND,Led Screen,2
,TC1057,,,66693136-44,,NO BRAND,Led Screen,2
,TC1057,,,66693136-43,,NO BRAND,Led Screen,2
,TC1057,,,66693136-47,,NO BRAND,Led Screen,2
,TC1057,,,66693136-48,,NO BRAND,Led Screen,2
,TC1057,,,66693136-45,,NO BRAND,Led Screen,2
,TC1057,,,66693136-49,,NO BRAND,Led Screen,2
Laptop Charger Asus 3.42A Small Pin,SEBEZ004,142.89,Liz,58669678-11,HQBUFF3,ASUS,Laptop Charger,2
Laptop Charger HP 3.33A Blue Pin,SEBEZ005,155.57,Liz,32317484-104,HQBUFF15,HP,Laptop Charger,2
Laptop Charger Acer 19V 3.42A Micro Pin,TC1032,158.01,Liz,13694284-757,HQBUFF3,Acer,Laptop Charger,2
Laptop Battery MSI SQU 528,,410.78,Kina,31248901-8,HQBUFF4,MSI,Laptop Battery,2
,,,,26836163-7,,SONY,Laptop Charger,2
Laptop Battery Acer AP19B5L,,899.52,All Star,LB19B5L-44,PObatch-693,Acer,Laptop Battery,5
Laptop Battery Acer 3820T,OLD STOCK,385.14,Kina,50381025-28,HQBUFF4,Acer,Laptop Battery,2
Laptop Charger Dell 19.5V 3.34A 7.4mm x 5.0mm Original,,514.18,Liz,82615545-2,HQBUFF2,Dell,Laptop Charger,2
Laptop Charger Asus 1.58A Micro Pin,Old Stock,143.22,Liz,67081511-8,HQBUFF20,ASUS,Laptop Charger,2
Laptop Charger HP Printer 32V,Old Stock,186.97,Liz,96517047-6,HQBUFF13,HP,Laptop Charger,2
Laptop Charger Lenovo 45W Type C Square Type,LPO-C223,350.80,Liz,62682504-42,HQBUFF3,Lenovo,Laptop Charger,2
Laptop Battery HP CS03XL,,825.10,All Star,LBCS03-7,PObatch-646,HP,Laptop Battery,2
Laptop Charger Lenovo 4.74A Common Pin,PH.814,183.35,Liz,92073270-152,HQBUFF20,Lenovo,Laptop Charger,2
Laptop Charger Acer 19V 3.42A Micro Pin,TC1032,158.01,Liz,13694284-272,HQBUFF3,Acer,Laptop Charger,2
Laptop Battery Acer AP19B8K,Locals,905.58,All Star,74111606-14,PObatch-646,Acer,Laptop Battery,2
Laptop Charger Lenovo 20V 2.25A Bullet Pin Original,,324.14,Liz,225BO-181,PObatch-13,Lenovo,Laptop Charger,2
Laptop Charger HP Printer 30V,,158.93,Liz,55720143-44,HQBUFF11,HP,Laptop Charger,2
Laptop Charger Microsoft Surface Pro 12V 3.6A,,617.02,Liz,39826316-30,HQBUFF19,Microsoft,Laptop Charger,2
,,,,50423915-2,,Toshiba,Laptop Battery,2
Laptop Battery Lenovo G40,LPO-C255,709.19,Kelly,94755822-50,HQBUFF1,Lenovo,Laptop Battery,2
Laptop Battery Lenovo G40,LPO-C255,709.19,Kelly,94755822-8,HQBUFF1,Lenovo,Laptop Battery,2
Laptop Battery Asus X550E,LPO-C238,560.12,Kina,77609377-7,HQBUFF4,HP,Laptop Battery,2
Laptop Charger LPO Dell 3.34A Circle Medium original,LPO-C235,325.97,Liz,29220962-121,HQBUFF14,Dell,Laptop Charger,2
Laptop Charger Asus 19V 1.75A Small Pin Original,TC001,356.80,Liz,51360405-30,HQBUFF11,ASUS,Laptop Charger,2
Laptop Charger Lenovo 2.25A USB Pin,SEBEZ005,155.57,Liz,05897641-50,LPO52,Lenovo,Laptop Charger,2
Laptop Charger Dell 19.5V 4.62A Bullet Pin,,191.65,Liz,11126181-8,LPO52,Dell,Laptop Charger,2
Laptop Charger Asus 65W Type C (Square),,432.17,Liz,LCA65W-20,PObatch-471,ASUS,Laptop Charger,2
Laptop Charger Dell 19.5V 2.31A Circle Pin,SEBEZ005,159.62,Imports,84060505-33,LPO006,Dell,Laptop Charger,2
Laptop Charger Lenovo 20V 2.25A USB Pin,TC1060,145.74,Liz,38290833-15,HQBUFF11,Lenovo,Laptop Charger,2
Laptop Charger Lenovo 20V 3.25A Bullet Pin,TC1032,158.22,Liz,44494203-231,PObatch-917,Lenovo,Laptop Charger,2
Laptop Charger Asus 19V 1.75A Micro USB,,309.58,Liz,68332002-7,HQBUFF19,ASUS,Laptop Charger,2
Laptop Charger Lenovo 20V 2A Common Pin,,135.56,Liz,81505285-91,HQBUFF2,Lenovo,Laptop Charger,2
Laptop Charger Lenovo 4.5A USB,SEBEZ004,175.69,Liz,08253498-15,LPO52,Lenovo,Laptop Charger,2
Laptop Charger Asus 19V 2.37A Zenbook Pin Original,,327.21,Liz,31842905-5,HQBUFF19,ASUS,Laptop Charger,2
Laptop Charger Lenovo 20V 2.25A USB Pin,TC1060,145.74,Liz,38290833-18,HQBUFF11,Lenovo,Laptop Charger,2
Laptop Charger Dell 4.62A Circle Medium,SEBEZ005,201.00,Liz,62426043-59,LPO006,Dell,Laptop Charger,2
Laptop Charger Magsafe 2 60W T Style,Locals,373.37,Liz,MS60WTS-22,PObatch-471,Macbook,Laptop Charger,2
Laptop Charger Asus 19V 2.37A Zenbook Pin Original,OLD STOCK,327.21,Liz,23556820-49,HQBUFF19,ASUS,Laptop Charger,2
Laptop Charger Lenovo 20V 2.25A Bullet Pin Original,,324.14,Liz,225BO-182,PObatch-13,Lenovo,Laptop Charger,2
Laptop Charger Asus 19V 2.37A Small Pin,TC1075,1.00,Liz,AS237S-133,PObatch-967,ASUS,Laptop Charger,2
Laptop Charger Lenovo 20V 3.25A USB Pin,,171.77,Liz,6862078-143,PObatch-427,Lenovo,Laptop Charger,2
Laptop Charger Magsafe 1 85W L Style,,457.04,Liz,22099168-28,HQBUFF11,Macbook,Laptop Charger,2
Laptop Charger Toshiba 4.74A Common Pin,,183.35,Liz,80699512-90,LPO52,Toshiba,Laptop Charger,2
Laptop Charger Lenovo 45W Type C Desktop,LPO-C30,371.20,Liz,74471860-69,HQBUFF3,Lenovo,Laptop Charger,2
Laptop Charger HP 19.5V 2.31A Blue Pin,,175.97,Liz,1833972-1285,PObatch-427,HP,Laptop Charger,2
Laptop Charger Dell 3.34A Octagon,OLD STOCK,168.28,Liz,48361085-20,LPO52,Dell,Laptop Charger,2
Led Screen 14 30 Pins Borderless FHD,,1935.53,All Star,53736810-37,PObatch-375,No Brand,Led Screen,2
Led Screen 15.6 30 Pins Borderless HD,TC1031,1.00,All Star,05437575-73,PObatch-648,No Brand,Led Screen,2
Led Screen 15.6 30 Pins Borderless HD,TC1031,1.00,All Star,05437575-36,PObatch-648,No Brand,Led Screen,2
Mouse and Keyboard set,Locals,85.00,FB Marketplace,62610891-20,PObatch-512,No Brand,Accessories,2
Mouse and Keyboard set,Locals,85.00,FB Marketplace,62610891-23,PObatch-512,No Brand,Accessories,2
,LPO-C58,,,27136587-95,,NO BRAND,Led Screen,2
,TC1018,,,91516146-44,,NO BRAND,Led Screen,2
,,,,06509208-18,,NO BRAND,Led Screen,2
,TC1018,,,74816234-80,,NO BRAND,Led Screen,2
,TC1018,,,74816234-79,,NO BRAND,Led Screen,2
,,,,00362867-13,,,,2
,,,,65774739-123,,NO BRAND,Led Screen,2
,,,,65774739-113,,NO BRAND,Led Screen,2
,,,,65774739-72,,NO BRAND,Led Screen,2
,,,,40412176-2,,NO BRAND,Led Screen,2
,,,,40412176-5,,NO BRAND,Led Screen,2
,,,,36645234-15,,,,2
,,,,80544362-58,,NO BRAND,Led Screen,2
,,,,57265038-12,,,,2
Laptop Charger Asus 19V 2.37A Small Pin Original,,322.97,Liz,9745549-53,PObatch-471,ASUS,Laptop Charger,2
,,,,AC2378-1243,,,,2
,,,,AC2378-1230,,,,2
,,,,AC2378-1232,,,,2
,,,,AC2378-1231,,,,2
,,,,AC2378-1246,,,,2
,,,,AC2378-1211,,,,2
HDMI TO HDMI 1.5 METER-,,25.00,FB Marketplace,65398621-180,PObatch-512,No Brand,Accessories,2
Accessories Hiksemi 256 Ssd,,1700.00,FB Marketplace,9837707-23,PObatch-1149,HIKSEMI,Memory,3
LENOVO L13 i5 6TH GEN 8GB/256GB 14 "HD,,6500.00,General Union Traders Corp.,7819773-12,PObatch-489,Lenovo,Laptop,3
Pre-owned Laptop Lenovo E495 Ryzen 5 3500U 8GB 256GB,,8500.00,FB Marketplace,0955223-50,PObatch-1425,Lenovo,Laptop,2
Mouse Pad Short,Locals,20.00,Syy,MousePad-353,PObatch-1224,No Brand,Accessories,2
Mouse Pad Short,Locals,30.00,Syy,MousePad-336,PObatch-1070,No Brand,Accessories,2
Laptop Battery HP HT03XL,,774.54,All Star,LBHT03-273,PObatch-693,HP,Laptop Battery,2
Accessories Hiksemi 256 Ssd,,1700.00,FB Marketplace,9837707-3,PObatch-1149,HIKSEMI,Memory,3
Pre-owned Graphics Card GTX 1650,,2250.00,FB Marketplace,4709177-4,PObatch-1480,No Brand,Videocard,2
Wireless Mouse Logitech,Locals,120.00,Syy,90651844-25,PObatch-432,No Brand,Accessories,2
,Angeles,,,45994255-15,,No Brand,Accessories,2
Pre-owned Monitor Gamdias 27inch Curve,,1250.00,FB Marketplace,5918293-7,PObatch-1480,No Brand,Monitor,2
THERMAL PASTE SYRINGE,Locals,40.00,Syy,94250781-20,PObatch-566,No Brand,Accessories,2
THERMAL PASTE SYRINGE,Locals,40.00,Syy,94250781-17,PObatch-566,No Brand,Accessories,2
THERMAL PASTE SYRINGE,Locals,40.00,Syy,94250781-19,PObatch-566,No Brand,Accessories,2
THERMAL PASTE SYRINGE,Locals,40.00,Syy,94250781-18,PObatch-566,No Brand,Accessories,2
THERMAL PASTE SYRINGE,Locals,50.00,Syy,60679278-17,PObatch-239,No Brand,Accessories,2
Accessories Micro Kingdom Keyboard and Mouse Set,,180.00,Syy,1779713-9,PObatch-1460,No Brand,Accessories,2
Pre-owned All In One PC Hailan X6 i5 7th Gen 16GB 256GB SSD,,7250.00,FB Marketplace,1124260-23,PObatch-1590,Hailan,All in One PC,2
Pre-owned All In One PC Hailan X6 i5 7th Gen 16GB 256GB SSD,,7250.00,FB Marketplace,1124260-18,PObatch-1590,Hailan,All in One PC,2
Pre-owned All In One PC Hailan X6 i5 7th Gen 16GB 256GB SSD,,7250.00,FB Marketplace,1124260-8,PObatch-1590,Hailan,All in One PC,2
Cables Usb Hub 4 Ports 3.0,Locals,150.00,Syy,51377666-4,GENT005,No Brand,Accessories,2
,,,,,,,,
,,,,,,,,
GIGABYTE H610M-K LGA1700 MOBO MATX, 8P, 2* DDR4,,3870.00,supplier,47325604-3,GENT008,HP,Desktop,2
Laptop Charger Lenovo 3.25A Bullet Pin,SEBEZ004,184.76,Liz,05443569-299,PObatch-1048,Lenovo,Laptop Charger,2
Laptop Charger Lenovo 3.25A Bullet Pin,SEBEZ004,184.76,Liz,05443569-329,PObatch-1048,Lenovo,Laptop Charger,2
SEAGATE 500GB HDD (RJF COMPUTER) (500GB HDD (2NDHAND),Locals,550.00,supplier,80812558-2,GENT008,Sea Gate,HDD,2
SEAGATE 500GB HDD (RJF COMPUTER) (500GB HDD (2NDHAND),Locals,550.00,supplier,80812558-5,GENT008,Sea Gate,HDD,2
,,,,Z9AH85CB,,,,2
,,,,ZN17ZMNM,,,,2
,,,,4713967-3,,,,2
Laptop Battery Acer AS16A8K,TC1021,656.11,All Star,87978886-50,PObatch-646,Acer,Laptop Battery,2
Laptop Battery Acer AS16A8K,TC1021,656.11,All Star,87978886-42,PObatch-646,Acer,Laptop Battery,2
Laptop Battery Dell WDXOR,TC1021,744.63,All Star,67599761-40,PObatch-646,Dell,Laptop Battery,2
Laptop Battery Dell WDXOR,TC1021,744.63,All Star,67599761-34,PObatch-646,Dell,Laptop Battery,2
Laptop Battery Dell WDXOR,TC1021,744.63,All Star,67599761-44,PObatch-646,Dell,Laptop Battery,2
Preowned Dell 5420 11TH GEN 8GB 256GB,,11300.00,FB Marketplace,1832732-14,PObatch-554,Dell,Laptop,3
BRANDNEW MONITOR W/ BOX PHILIPS 24 INCH MONITOR 243V7Q (,,1500.00,supplier,26693633-2,LPO017,PHILIPS,Monitor,2
Pre-owned Desktop RYZEN 5 PRO 4650G @ 3.7GHZ B450M 8GB DDR4 /120GB M.2 SSD + 1TB HDD 2.5,,11000.00,Market Place,3304644-1,PObatch-426,No Brand,Desktop,2
PRE-OWNED DELL E7270 (CYRA USMAN) (I5-6300@2.40GHZ 8GB DDR4 256GB 12.5 hd intel hd graphics 520),Locals,6500.00,supplier,72462968-1,LPO130,Dell,Laptop,0
Laptop Charger Dell 19.5V 3.34A Circle Pin,TC1075,166.44,Liz,DE334CP-15,LPO002,Dell,Laptop Charger,2
,,,,,,,,
Laptop Charger Dell 19.5V 3.34A Circle Pin,TC1075,166.44,Liz,DE334CP-42,LPO002,Dell,Laptop Charger,2
,,,,,,,,
Laptop Charger Asus 20V 6A Male Pin original,LPO-C246,533.83,Liz,57139041-2,LPO006,ASUS,Laptop Charger,2
,,,,,,,,
,,,,,,,,
Laptop Charger Dell 19.5V 2.31A Circle Medium,TC001,180.17,Liz,96549258-50,PObatch-418,Dell,Laptop Charger,2
Laptop Charger HP 4.74A Bullet Pin,,182.30,Liz,03641959-41,HQBUFF13,HP,Laptop Charger,2
Laptop Charger HP 4.74A Circle Pin,LPO-C30,170.93,Liz,82071177-103,HQBUFF13,HP,Laptop Charger,2
LPO FLASHDRIVE,,123.92,Imports,97057412-120,GENT007,KINGSTON,Flash Drive,2
LPO FLASHDRIVE,,123.92,Imports,97057412-355,GENT007,KINGSTON,Flash Drive,2
LPO FLASHDRIVE,,123.92,Imports,97057412-89,GENT007,KINGSTON,Flash Drive,2
LPO FLASHDRIVE,,123.92,Imports,97057412-132,GENT007,KINGSTON,Flash Drive,2
LPO FLASHDRIVE,,123.92,Imports,97057412-4,GENT015,KINGSTON,Flash Drive,2
LPO FLASHDRIVE,,123.92,Imports,97057412-164,GENT007,KINGSTON,Flash Drive,2
LPO FLASHDRIVE,,123.92,Imports,97057412-60,GENT007,KINGSTON,Flash Drive,2
LPO FLASHDRIVE,,123.92,Imports,97057412-36,GENT007,KINGSTON,Flash Drive,2
LPO FLASHDRIVE,,123.92,Imports,97057412-356,GENT007,KINGSTON,Flash Drive,2
LPO FLASHDRIVE,,123.92,Imports,97057412-139,GENT007,KINGSTON,Flash Drive,2
Display port,LOCALS,120.00,Syy,24361994-9,GENT008,No Brand,Cables,2
,,,,,,,,
THERMAL PASTE SYRINGE,Locals,40.00,Syy,94250781-21,PObatch-566,No Brand,Accessories,2
HIKSEMI SSD 128BG 2.5,,800.00,HIKSEMI,5795452-24,PObatch-963,HIKSEMI,SSD,3
,,,,,,,,
,Locals,,,64873610-1,,No Brand,Accessories,2
Mouse Pad Short,Locals,30.00,Syy,MousePad-412,PObatch-1437,No Brand,Accessories,2
,Locals,,,12756575-1,,No Brand,Accessories,2
Cables Usb Hub 4 Ports 3.0,Locals,150.00,Syy,51377666-6,GENT008,No Brand,Accessories,2
Accessories Wifi Dongle,Locals,100.00,Syy,67493699-10,LPO006,No Brand,Accessories,2
LPO FLASHDRIVE,,123.92,Imports,97057412-196,GENT007,KINGSTON,Flash Drive,2
,,,,55691237-1,,No Brand,Accessories,2
Bluetooth Dongle,,120.00,Syy,88886743-2,PObatch-200,No Brand,Accessories,2
,,,,,,,,
,,,,27955266-1,,,,2
,LOCALS,,,0088050-1,,Lenovo,Laptop,2
,,,,,,,,
,,,,,,,,
,,,,,,,,
HAKOT HAILAN X6 FRAMELESS (KYLE) (i5 7th gen 8gb ddr4 256gb ssd 24,Locals,4000.00,supplier,27036221-47,GENT007,Hailan,All in One PC,2
BRANDNEW GR W/ BOX RYZEN 5 5600G (HANNAH GARCIA TAGUIG),,6000.00,supplier,86229091-3,JP001,Acer,Desktop,2
Laptop Charger Samsung 3.16A Common Pin,LPO-C223,154.78,Liz,74260454-132,HQBUFF14,Samsung,Laptop Charger,2
,,,,,,,,
HDMI TO HDMI 1.5 METER-,,25.00,FB Marketplace,65398621-112,PObatch-512,No Brand,Accessories,2
Cable DVI to VGA,Locals,80.00,Syy,68818414-2,GENT008,No Brand,Accessories,2
HDMI TO HDMI 1.5 METER-,,50.00,Syy,65398621-80,PObatch-388,No Brand,Accessories,2
Cables HDMI TO VGA,Locals,220.00,Syy,55283637-13,GENT008,No Brand,Cables,2
Power Socket T09,,246.50,Imports,43573443-52,LPO52,No Brand,Power Socket,2
Power Socket T09,,246.50,Imports,43573443-57,LPO52,No Brand,Power Socket,2
HAILAN X6 I5 7TH GEN 8GB NO SSD,,4500.00,BRIAN ESPEJO,7157904-7,PObatch-993,Hailan,All in One PC,3
SSD 256GB 2.5,,600.00,BRIAN ESPEJO,0585196-9,PObatch-993,No Brand,SSD,3
,LOCALS,,,26392568-2,,HAILAN,All In One Pc,2
Accessories Hiksemi 256 Ssd,,1700.00,FB Marketplace,9837707-20,PObatch-1149,HIKSEMI,Memory,3
Laptop Charger Asus 19V 2.37A Male Pin,,147.31,Liz,7670493-41,PObatch-373,ASUS,Laptop Charger,2
,,,,,,,,
Child safety lock,,150.00,supplier,09171266-4,GENT008,No Brand,Accessories,2
VGA TO VGA,Locals,25.00,Syy,1497201-28,PObatch-566,No Brand,Accessories,2
VGA TO VGA,Locals,25.00,Syy,1497201-19,PObatch-566,No Brand,Accessories,2
Cmos Battery,,10.00,Jst,CMOS-82,PObatch-401,No Brand,Accessories,3
PRE-OWNED ALL IN ONE HAILAN X6 FRAMELESS 24,Locals,5500.00,supplier,92216581-7,JP003,Hailan,All in One PC,2
,Locals,,,27036221-38,,Hailan,All in One PC,2
Pre owned All in One PC Hailan X6 I5 7th Gen 8GB No SSD,,4500.00,Market Place,9545543-20,PObatch-978,Hailan,All in One PC,2
,,,,,,,,
PRE-OWNED DESKTOP DELL OPTIPLEX 3050 (ARIANE JOi) (I5-6500@3.20GHZ 8GB DDR4 120GB SSD),Locals,3050.00,supplier,81227300-13,JP003,Dell,Desktop,2
,,,,24225793-4,,INPLAY,Desktop Casing,2
PRE-OWNED CPU UNIT RYZEN 5 5600G (CROZZ NORTH CALOOCAN),,13000.00,INVISION,36906527-14,PObatch-582,Acer,Desktop,2
,Locals,,,7956190-18,,YGT,MONITOR,2
,,,,5563958-2,,,,2
,LOCALS,,,82134599-1,,No Brand,All In One Pc,2
,,,,02708107-1,,,,2
Preowned Dell 5420 11TH GEN 8GB 256GB,,11300.00,FB Marketplace,1832732-2,PObatch-554,Dell,Laptop,3
Pre-owned Laptop Dell 5300 I5-8Th Gen 16GB 256GB,Locals,7800.00,FB Marketplace,41392173-10,JP003,Dell,Laptop,2
Preowned Laptop Acer i5 8GB 256GB,,6700.00,FB Marketplace,PLA256-1,PObatch-422,Acer,Laptop,3
Laptop AMD Ryzen 5700U DDR4 512GB SSD 15.6 FHD AMD RADEON TM Graphics,,14000.00,FB Marketplace,8822760-1,PObatch-787,AMD,Laptop,3
PRE-OWNED Laptop HP i5-11th Gen 440 G8,,11500.00,FB Marketplace,7905737-3,PObatch-871,HP,Laptop,2
Pre-owned i5 7th gen 8gb ddr4 240gb ssd,,7000.00,TEST,37813678-4,GENT007,No Brand,Accessories,2
,,,,13502611-2,,No Brand,Accessories,2
CCTV LPO BRAND 8CH 2MP,,6010.02,Imports,13502611-3,GENT007,No Brand,Accessories,2
,,,,,,,,
Laptop Charger HP 4.74A Circle Pin,LPO-C21,140.35,Liz,98375760-192,LPO004,HP,Laptop Charger,2
Laptop Charger LPO 65W Type C Square,TC001,492.80,Liz,92960083-47,LPO007,LPO,Laptop Charger,2
Laptop Charger Acer 19V 3.42A Yellow Pin,TC1032,158.01,Liz,82978676-161,TCL01,Acer,Laptop Charger,2
Laptop Battery Dell WDXOR,TC1021,744.63,All Star,67599761-60,PObatch-646,Dell,Laptop Battery,2
Laptop Battery HP RR03XL,LOCALS,1500.00,Jst,48908463-6,PObatch-1550,HP,Laptop Battery,2
Led Screen 15.6 30 Pins Borderless FHD,,1509.11,All Star,5541738-166,PObatch-648,No Brand,Led Screen,2
,,,,,,,,
Laptop Battery HP VV09,,1600.00,Syy,8706792-1,PObatch-566,HP,Laptop Battery,2
,,,,,,,,
Led Screen 14 30 Pins Borderless FHD,,1935.53,All Star,53736810-68,PObatch-375,No Brand,Led Screen,2
,,,,42639790-1,,NO Brand,Accessories,2
,OLD STOCK,,,34644706-1,,HYNIX,Ssd,2
,,,,,,,,
Cellphone LCD Xiaomi Note 8 Pro,Imports,399.44,Imports,24067570-15,LPO006,XIOAMI,Cellphone Lcd,2
,,,,,,,,
